First_Name,Last_Name,Address,Email,DOB,Ethnicity,Education
Jerry,Zurcher,77 Massillon Rd #822,jzurcher@zurcher.org,6/10/1963,Asian,High School
Orville,Zuehl,907 Denman St,orville_zuehl@zuehl.co.uk,10/27/1965,Native American,Master's
Rosalia,Ziv,9362 Solomon St #97,rosalia.ziv@ziv.co.uk,11/24/1968,Black,Doctorate
Evan,Zigomalas,5 Binney St,evan.zigomalas@gmail.com,6/2/1961,Black,Master's
Vincenza,Zepp,395 S 6th St #2,vzepp@gmail.com,9/19/1988,Native American,Associate
Selene,Zeng,2 Prince Rupert St,selene@yahoo.com,11/17/1973,Black,Doctorate
German,Zelaya,7 Shenstone St,german@hotmail.com,10/12/1970,Unknown,Bachelor's
Sheridan,Zane,2409 Alabama Rd,sheridan.zane@zane.com,12/30/1961,White,Associate
Serina,Zagen,7 S Beverly Dr,szagen@aol.com,12/28/1961,Unknown,Master's
Cheryll,Yurich,666 Moor Place,cheryll_yurich@yurich.co.uk,4/5/1964,Black,Doctorate
Dierdre,Yum,63381 Jenks Ave,dyum@yahoo.com,8/18/1980,Unknown,Doctorate
Walton,Yuki,9 Waltham Rd,wyuki@gmail.com,1/24/1971,Native American,Associate
Tamra,Yu,2 Park Rd Walton #4338,tamra.yu@hotmail.com,3/22/1993,Unknown,Doctorate
Shawnda,Yori,50126 N Plankinton Ave,shawnda.yori@yahoo.com,9/19/1971,Asian,High School
Maurine,Yglesias,59 Shady Ln #53,maurine_yglesias@yglesias.com,12/3/1996,Asian,Bachelor's
Audry,Yaw,70295 Pioneer Ct,audry.yaw@yaw.org,6/19/1990,White,Doctorate
Nina,Yaklin,5679 Gloucester Pl,nyaklin@hotmail.com,7/31/1996,Asian,Associate
Vallie,Yafaie,352 Strathmore Rd,vyafaie@hotmail.com,4/23/1964,Black,Bachelor's
Lindsay,Yadao,7 Jolliffe St,lindsay_yadao@yadao.co.uk,12/24/1975,Unknown,High School
Dortha,Yaccarino,6 Chestnut St,dortha@hotmail.com,2/23/1969,Native American,High School
Fernanda,Writer,620 Northampton St,fernanda@writer.co.uk,2/16/1983,Black,Master's
Nana,Wrinkles,6 Van Buren St,nana@aol.com,7/11/1980,Black,High School
Lorrine,Worlds,8 Fair Lawn Ave,lorrine.worlds@worlds.com,10/30/1989,Native American,High School
Lavonna,Wolny,5 Cabot Rd,lavonna.wolny@hotmail.com,6/6/1981,Black,Bachelor's
Irma,Wolfgramm,9745 W Main St,irma.wolfgramm@hotmail.com,8/31/1969,Asian,Bachelor's
Gertude,Witten,7 Tarrytown Rd,gertude.witten@gmail.com,7/16/1985,White,Master's
Emilio,Withers,597 Threlfall St #72,emilio_withers@yahoo.com,8/18/1999,Native American,Master's
Cassi,Wildfong,26849 Jefferson Hwy,cassi.wildfong@aol.com,2/17/1970,Asian,Bachelor's
Marisha,Wilcoxon,52 Trowbridge St,marisha.wilcoxon@gmail.com,1/23/1983,Asian,Master's
Melissa,Wiklund,61 13 Stoneridge #835,melissa@cox.net,12/19/1964,Unknown,Master's
Sage,Wieser,5 Boston Ave #88,sage_wieser@cox.net,3/10/1979,Black,Bachelor's
Chery,Wiederin,553 Picton Rd,cwiederin@yahoo.com,8/9/1965,Asian,High School
Paris,Wide,187 Market St,paris@hotmail.com,1/16/1978,White,Master's
Yuki,Whobrey,1 State Route 27,yuki_whobrey@aol.com,9/9/1991,Asian,Associate
Dominga,Whitrock,763 Roscoe St,dominga@whitrock.co.uk,6/21/1989,Black,Associate
Stevie,Westerbeck,26659 N 13th St,stevie.westerbeck@yahoo.com,11/16/1963,Black,Doctorate
Mozell,Westad,8 Gertrude St,mozell.westad@westad.co.uk,5/5/1999,Unknown,Doctorate
Dick,Wenzinger,22 Spruce St #595,dick@yahoo.com,2/15/1965,Unknown,Doctorate
Tonette,Wenner,4545 Courthouse Rd,twenner@aol.com,1/24/2002,Asian,Associate
Galen,Wendorf,8830 Antonio St,galen.wendorf@wendorf.co.uk,12/30/1984,Native American,Doctorate
Domitila,Weissmann,28 Berwick St,domitila@gmail.com,9/2/1981,Unknown,Master's
Reed,Weisinger,5147 Blackstone St,reed_weisinger@yahoo.com,2/13/1969,Black,High School
Daren,Weirather,9 N College Ave #3,dweirather@aol.com,1/19/1999,Native American,Doctorate
Penney,Weight,18 Fountain St,penney_weight@aol.com,10/20/1985,White,Master's
Lonny,Weglarz,51120 State Route 18,lonny_weglarz@gmail.com,12/22/1986,Black,High School
Stefania,Weatherwax,25 Dale St #2,sweatherwax@yahoo.com,3/22/1989,White,Doctorate
Norah,Waymire,6 Middlegate Rd #106,norah.waymire@gmail.com,2/27/1979,Unknown,High School
Kanisha,Waycott,5 Tomahawk Dr,kanisha_waycott@yahoo.com,9/18/1992,White,Doctorate
Mendy,Wassmann,3833 Sidney Rd,mendy.wassmann@wassmann.co.uk,12/30/1973,Native American,Master's
Dominic,Washmuth,8977 Old Leeds St #87,dwashmuth@hotmail.com,1/4/1963,Black,Bachelor's
Tammara,Wardrip,4800 Black Horse Pike,twardrip@cox.net,4/25/1970,Asian,Bachelor's
Hubert,Walthall,95 Main Ave #2,hubert@walthall.org,7/11/1973,Unknown,Bachelor's
Nikita,Walka,3612 Bixteth St,nwalka@hotmail.com,6/4/1975,White,Bachelor's
Kattie,Vonasek,2845 Boulder Crescent St,kattie@vonasek.org,2/21/1993,Native American,Master's
Francine,Vocelka,366 South Dr,francine_vocelka@vocelka.com,6/9/1997,Black,Master's
Lashon,Vizarro,433 Westminster Blvd #590,lashon@aol.com,12/11/1997,Native American,Master's
Stephaine,Vinning,3717 Hamann Industrial Pky,stephaine@cox.net,8/28/1975,Asian,Bachelor's
Val,Villot,1980 Tynemouth St,val@yahoo.com,10/15/1983,Black,Bachelor's
Josphine,Villanueva,63 Smith Ln #8343,josphine_villanueva@villanueva.com,6/30/1971,Black,Master's
Antonio,Villamarin,353 Standish St #8264,antonio.villamarin@gmail.com,1/11/1973,Unknown,Master's
Crista,Viengxay,1554 Christopher St,crista@yahoo.com,6/29/1969,White,Master's
Rashida,Vera,8451 Bengel St,rashida@hotmail.com,4/17/1975,Unknown,High School
Billy,Venus,61 Miriam St,billy.venus@yahoo.com,12/17/1966,Black,Doctorate
Ciara,Ventura,53 W Carey St,cventura@yahoo.com,6/17/1965,Black,High School
Eleonora,Ventry,758 Woodhouse St,eleonora@gmail.com,5/21/1987,Black,Associate
Tyisha,Veness,5396 Forth Street,tyisha.veness@hotmail.com,8/26/1993,Asian,Doctorate
Art,Venere,8 W Cerritos Ave #54,art@venere.org,12/15/1983,White,High School
Avery,Veit,9166 Devon St #905,avery@veit.co.uk,12/6/1975,Unknown,Associate
Tamesha,Veigel,2200 Nelson St #58,tveigel@veigel.co.uk,11/3/1966,Black,Associate
Claribel,Varriano,6 Harry L Dr #6327,claribel_varriano@cox.net,8/25/1993,Asian,Associate
Isidra,Varnado,79 Chelmsford St,ivarnado@varnado.co.uk,4/8/1964,White,Associate
Juan,Vanwyhe,5382 Redfern St,juan_vanwyhe@gmail.com,12/3/1972,Black,Master's
Eleni,Vanscoik,9 Mather St,eleni_vanscoik@gmail.com,3/19/1964,White,Associate
Reynalda,Vanhooser,891 Crocus St,reynalda@vanhooser.co.uk,11/1/1999,Black,Bachelor's
Carma,Vanheusen,68556 Central Hwy,carma@cox.net,6/30/2001,Black,Bachelor's
Jamal,Vanausdal,53075 Sw 152nd Ter #615,jamal@vanausdal.org,7/6/1969,Asian,High School
King,Vanacore,30 Seville St,king_vanacore@yahoo.com,5/1/1968,Asian,Doctorate
Sabra,Uyetake,98839 Hawthorne Blvd #6101,sabra@uyetake.org,7/16/1972,Native American,Associate
Raul,Upthegrove,4 E Colonial Dr,rupthegrove@yahoo.com,8/21/1989,Asian,Doctorate
Cathern,Ungar,823 Idris St,cathern.ungar@ungar.co.uk,8/7/1971,White,Associate
Juliana,Uken,4 Summer Seat Bootle,juliana.uken@yahoo.com,1/8/1983,Black,Associate
Tamesha,Tyburski,1054 Gladys St,tamesha.tyburski@gmail.com,9/29/2002,White,Associate
Kip,Turziano,37 Meadow St,kip.turziano@yahoo.com,12/9/1982,White,Doctorate
Kristeen,Turinetti,70099 E North Ave,kristeen@gmail.com,3/21/1994,Native American,Bachelor's
Ashley,Tropp,3 Greenleaf St #5644,ashley.tropp@gmail.com,7/9/1999,Native American,High School
Malcolm,Tromblay,747 Leonis Blvd,malcolm_tromblay@cox.net,4/24/1983,Asian,Bachelor's
Marlon,Tromblay,46 Stevenson St,mtromblay@yahoo.com,12/11/1962,Asian,Master's
Anglea,Tritten,8 Thomaston St,anglea_tritten@hotmail.com,2/15/1966,Black,Master's
Lucy,Treston,57254 Brickell Ave #372,lucy@cox.net,4/24/1981,Native American,Associate
Barrett,Toyama,4252 N Washington Ave #9,barrett.toyama@toyama.org,10/13/1963,White,High School
Vivienne,Torrain,45 Ledward St,vivienne@hotmail.com,11/18/1991,White,Associate
Mike,Torner,30 Aughton St,mike_torner@torner.co.uk,11/20/1966,Unknown,Associate
Launa,Torez,12 Gelling St,launa.torez@yahoo.com,8/16/2002,Asian,High School
Alverta,Topete,328 Havelock St #61,alverta.topete@gmail.com,7/4/1975,Unknown,High School
Aleshia,Tomkiewicz,14 Taylor St,atomkiewicz@hotmail.com,11/4/1992,Native American,High School
Merissa,Tomblin,34 Raritan Center Pky,merissa.tomblin@gmail.com,9/5/2002,Black,Bachelor's
Whitley,Tomasulo,2 S 15th St,whitley.tomasulo@aol.com,7/1/1969,Native American,Associate
Mitsue,Tollner,7 Eads St,mitsue_tollner@yahoo.com,9/24/1973,Native American,Bachelor's
Latrice,Tolfree,81 Norris Ave #525,latrice.tolfree@hotmail.com,1/3/1984,Black,Doctorate
Viva,Toelkes,4284 Dorigo Ln,viva.toelkes@gmail.com,6/25/1988,Black,Master's
Yvonne,Tjepkema,9 Waydell St,yvonne.tjepkema@hotmail.com,6/15/1984,Unknown,High School
Floyd,Tivis,770 Jamaica St,floyd_tivis@hotmail.com,3/20/1989,Asian,Doctorate
Whitney,Tishler,77 Mason St #650,whitney@gmail.com,10/4/1971,Asian,Doctorate
Altha,Tischner,650 Goring St,altha@hotmail.com,7/11/1987,Black,Doctorate
Loreta,Timenez,47857 Coney Island Ave,loreta.timenez@hotmail.com,4/20/1971,Black,Associate
Catalina,Tillotson,3338 A Lockport Pl #6,catalina@hotmail.com,7/18/1970,Native American,Associate
Hermila,Thyberg,1 Rancho Del Mar Shopping C,hermila_thyberg@hotmail.com,12/4/1983,Black,Master's
Brittani,Thurm,9 Horatio St,bthurm@yahoo.com,9/30/1995,Native American,Associate
Michell,Throssell,89 Noon St,mthrossell@throssell.co.uk,6/7/1970,Unknown,Master's
Leslie,Threets,2 A Kelley Dr,leslie@cox.net,4/6/1991,White,Associate
Kerry,Theodorov,6916 W Main St,kerry.theodorov@gmail.com,10/6/1974,Native American,High School
Martha,Teplica,148 Rembrandt St,mteplica@teplica.co.uk,10/27/1993,Asian,Associate
Patrick,Teisberg,2 Whitefield Rd,patrick@hotmail.com,1/17/1965,White,Doctorate
Virgina,Tegarden,755 Harbor Way,virgina_tegarden@tegarden.com,10/7/1979,Unknown,High School
Filiberto,Tawil,3882 W Congress St #799,ftawil@hotmail.com,1/9/1990,White,Master's
Svetlana,Tauras,8289 Cadogan St,svetlana_tauras@tauras.co.uk,12/18/1964,Native American,Associate
Marsha,Tarry,74 Medlock St,marsha.tarry@yahoo.com,11/2/1970,Native American,Doctorate
Erasmo,Talentino,3 Garden Lane,erasmo.talentino@hotmail.com,11/23/1966,Black,Master's
Annelle,Tagala,5 W 7th St,annelle@yahoo.com,10/4/1989,Native American,Doctorate
Gaston,Szumski,8 Gullett St,gaston.szumski@hotmail.com,5/3/1986,Unknown,Master's
Melita,Szpak,1 Sussex St,melita.szpak@szpak.co.uk,4/1/1980,Unknown,Associate
Ernest,Syrop,94 Chase Rd,ernest@cox.net,2/8/1979,White,High School
Eulah,Syrop,62 Euston St,eulah@syrop.co.uk,9/6/1984,White,Bachelor's
Carmen,Sweigard,61304 N French Rd,csweigard@sweigard.com,3/19/2001,White,Bachelor's
Tresa,Sweely,22 Bridle Ln,tresa_sweely@hotmail.com,8/31/1962,Unknown,High School
Quentin,Swayze,278 Bayview Ave,quentin_swayze@yahoo.com,2/13/1963,Unknown,High School
Dacia,Swaisgood,36 Cranmer St #4697,dacia.swaisgood@swaisgood.co.uk,7/28/1964,Unknown,High School
Lino,Sutulovich,55 Margaret Rd,lino.sutulovich@gmail.com,8/16/1973,White,Master's
Lamar,Suite,6301 Dorset Rd,lsuite@yahoo.com,9/11/1976,Asian,Bachelor's
Vashti,Sugai,4 Candia St #6,vashti@gmail.com,11/5/1968,Black,High School
Gwenn,Suffield,3270 Dequindre Rd,gwenn_suffield@suffield.org,10/26/1989,Unknown,Master's
Caprice,Suell,90177 N 55th Ave,caprice@aol.com,1/1/1992,Native American,Associate
Peggie,Sturiale,9 N 14th St,peggie@cox.net,7/13/1965,Unknown,Associate
Lashawnda,Stuer,7422 Martin Ave #8,lstuer@cox.net,9/18/1986,White,High School
Lisandra,Stueber,5 Bentinck St,lisandra_stueber@hotmail.com,4/28/2002,Native American,Bachelor's
Lovetta,Study,1 Jervis St,lovetta@study.co.uk,3/26/1988,Asian,Doctorate
Eliz,Strimple,82 Denison St #2642,eliz@gmail.com,2/11/2002,Native American,Associate
Edward,Strejan,1267 Audley St,edward_strejan@gmail.com,7/29/1985,Black,Doctorate
Belen,Strassner,5384 Southwyck Blvd,belen_strassner@aol.com,9/22/1994,Unknown,Bachelor's
Keneth,Stpierrie,2 Seacombe St,keneth_stpierrie@hotmail.com,3/29/1961,Asian,Master's
Cordelia,Storment,393 Hammond Dr,cordelia_storment@aol.com,4/12/1972,White,Associate
Junita,Stoltzman,94 W Dodge Rd,junita@aol.com,11/28/1976,Unknown,Bachelor's
Jose,Stockham,128 Bransten Rd,jose@yahoo.com,9/9/1971,Native American,Associate
Portia,Stimmel,3732 Sherman Ave,portia.stimmel@aol.com,12/13/1972,Black,Doctorate
Stevie,Stifflemire,9 Gradwell St,stevie_stifflemire@stifflemire.co.uk,3/17/1970,Unknown,Doctorate
Jacki,Sterback,15 East Albert Rd,jacki.sterback@gmail.com,6/5/1969,Native American,Bachelor's
Ernie,Stenseth,45 E Liberty St,ernie_stenseth@aol.com,6/4/1967,Native American,Bachelor's
Lizette,Stem,501 N 19th Ave,lizette.stem@aol.com,3/14/1962,Unknown,Doctorate
Janet,Steimer,8899 Mere Lane,janet_steimer@hotmail.com,3/3/1997,Asian,Bachelor's
Avery,Steier,93 Redmond Rd #492,avery@cox.net,9/27/1980,Unknown,Master's
Tiffiny,Steffensmeier,32860 Sierra Rd,tiffiny_steffensmeier@cox.net,3/14/1961,Native American,Master's
Graham,Stanwick,73 Hawkstone St,gstanwick@gmail.com,6/22/2001,Asian,High School
Huey,Stancil,275 Peel Sq,hstancil@hotmail.com,8/9/1969,Native American,Doctorate
Rosalind,Stamps,8 Chestnut St,rosalind.stamps@stamps.co.uk,3/9/1962,Asian,Doctorate
Leana,Stackpole,690 Copenhagen Rd,lstackpole@yahoo.com,10/29/1994,Unknown,High School
Martina,Staback,7 W Wabansia Ave #227,martina_staback@staback.com,2/6/1993,Black,Doctorate
Layla,Springe,229 N Forty Driv,layla.springe@cox.net,7/31/1978,Unknown,Doctorate
Charisse,Spinello,9165 Primrose St,charisse_spinello@spinello.co.uk,9/8/1963,Unknown,Doctorate
Rolande,Spickerman,65 W Maple Ave,rolande.spickerman@spickerman.com,3/3/1961,Asian,Master's
Vernice,Sperazza,8921 Forge St,vernice@yahoo.com,7/19/1977,Unknown,Doctorate
Zita,Speltz,2395 Gloucester Pl,zita_speltz@yahoo.com,7/14/1997,Asian,Bachelor's
Wade,Sovel,2546 Hunter St,wade@hotmail.com,2/2/1972,Native American,Master's
Cherelle,Sorrel,794 Hook St,cherelle_sorrel@gmail.com,1/18/1972,Asian,Doctorate
Goldie,Sonkens,6174 Botanic Pl,gsonkens@sonkens.co.uk,5/19/1995,Asian,Bachelor's
Ty,Smith,4646 Kaahumanu St,tsmith@aol.com,2/10/1967,Unknown,Associate
Louann,Smethers,3055 Creswick St,louann@gmail.com,10/31/1965,White,Associate
Mari,Smeby,4309 Chisenhale St,msmeby@gmail.com,2/13/1973,Native American,Bachelor's
Lanie,Smarsh,555 Ludlow St,lanie@yahoo.com,12/28/1965,Native American,Master's
Lanie,Smalarz,5149 Maria Rd,lanie.smalarz@yahoo.com,6/24/1999,Native American,Master's
Alisha,Slusarski,3273 State St,alisha@slusarski.com,1/22/1962,Asian,Associate
Melissia,Slotemaker,83 St Johns Lane #43,mslotemaker@gmail.com,7/25/1964,Black,Doctorate
Glenna,Slayton,2759 Livingston Ave,glenna_slayton@cox.net,7/20/1993,White,High School
Benton,Skursky,47939 Porter Ave,benton.skursky@aol.com,5/23/1995,Asian,Bachelor's
Hillary,Skulski,9 Wales Rd Ne #914,hillary.skulski@aol.com,1/13/1984,Unknown,Bachelor's
Olene,Skubis,180 Frodsham St,olene_skubis@yahoo.com,12/27/1967,Unknown,Bachelor's
Tess,Sitra,61 Rossett St,tess_sitra@hotmail.com,10/10/1986,Native American,Master's
Maryanne,Siske,256 Vesuvius St #159,maryanne@hotmail.com,5/27/1962,Unknown,High School
Gail,Similton,62 Monroe St,gail_similton@similton.com,5/3/1986,White,Bachelor's
Beckie,Silvestrini,7116 Western Ave,beckie.silvestrini@silvestrini.com,11/12/1961,Unknown,Bachelor's
Santos,Signore,4706 Chapel Place #5993,santos@gmail.com,2/20/1979,Black,Master's
Anisha,Shulick,3 Alder St,ashulick@yahoo.com,1/10/1987,Native American,Doctorate
Francisca,Shuhi,7 Carolina St,fshuhi@shuhi.co.uk,11/9/1978,Black,Master's
Marylyn,Shonerd,7252 Dansie St,marylyn_shonerd@yahoo.com,4/17/1970,Native American,Associate
Van,Shire,90131 J St,van.shire@shire.com,12/22/1971,White,Associate
Therese,Shiraki,18 Ouse St,tshiraki@gmail.com,5/27/1983,Unknown,Associate
Solange,Shinko,426 Wolf St,solange@shinko.com,9/22/1987,Native American,Doctorate
Jesusa,Shin,2239 Shawnee Mission Pky,jshin@shin.com,5/7/1961,White,Associate
Tyra,Shields,3 Fort Worth Ave,tshields@gmail.com,1/22/1964,Native American,Doctorate
Christoper,Sheneman,845 Atherton St,christoper@gmail.com,3/13/1976,White,Bachelor's
Ozell,Shealy,8 Industry Ln,oshealy@hotmail.com,11/28/1962,Black,High School
Shalon,Shadrick,61047 Mayfield Ave,shalon@cox.net,12/9/1983,White,High School
Maia,Shadd,8 Bigham Rd,maia_shadd@gmail.com,4/24/1990,Native American,Doctorate
Ceola,Setter,96263 Greenwood Pl,ceola.setter@setter.org,9/7/1990,Unknown,Associate
Melvin,Setter,87 Pickup St,melvin_setter@setter.co.uk,4/19/1981,Native American,High School
Alishia,Sergi,2742 Distribution Way,asergi@gmail.com,8/13/1998,Asian,Master's
Elke,Sengbusch,9 W Central Ave,elke_sengbusch@yahoo.com,9/4/1981,Unknown,High School
Sunshine,Senechal,40 Cairo St,sunshine.senechal@hotmail.com,2/8/1981,Asian,High School
Isaac,Semrad,76 Dawber St #6,isaac.semrad@semrad.co.uk,11/24/1989,Asian,Bachelor's
Kasandra,Semidey,369 Latham St #500,kasandra_semidey@semidey.com,5/9/1972,White,Bachelor's
Leigha,Semenza,784 Juno St #7653,lsemenza@yahoo.com,12/6/1988,Native American,Associate
Billy,Selma,338 Alfonso Rd,billy.selma@yahoo.com,9/29/1992,Native American,Master's
Shenika,Seewald,4 Otis St,shenika@gmail.com,9/21/1970,Unknown,Master's
Pilar,Seelig,4 Ogwen St,pilar@yahoo.com,5/3/1965,Asian,Doctorate
Walker,Seeger,69 Chantrey St #90,walker.seeger@yahoo.com,7/16/1970,Native American,High School
Merilyn,Scurci,4041 Virgil St,merilyn_scurci@hotmail.com,11/20/2001,Asian,High School
Lilli,Scriven,33 State St,lilli@aol.com,12/16/1969,Asian,Master's
Mitsue,Scipione,77 222 Dr,mscipione@scipione.com,5/27/1975,Asian,Doctorate
Sean,Schurman,2877 Grain St,sean.schurman@schurman.co.uk,5/13/1981,Black,High School
Dalene,Schoeneck,910 Rahway Ave,dalene@schoeneck.org,4/4/1961,Native American,Associate
Gayla,Schnitzler,38 Pleasant Hill Rd,gschnitzler@gmail.com,2/8/1989,Black,High School
Pamella,Schmierer,5161 Dorsett Rd,pamella.schmierer@schmierer.org,4/13/2002,Black,Doctorate
Staci,Schmaltz,18 Coronado Ave #563,staci_schmaltz@aol.com,12/10/1963,Black,Doctorate
Tiara,Schlichter,805 Westbank Rd,tiara_schlichter@schlichter.co.uk,2/26/1985,White,Doctorate
Krystina,Schlabaugh,7316 Friar St,kschlabaugh@schlabaugh.co.uk,3/20/1981,Native American,Master's
Goldie,Schirpke,34 Saint George Ave #2,goldie.schirpke@yahoo.com,6/1/1984,White,Bachelor's
Glory,Schieler,5 E Truman Rd,glory@yahoo.com,10/9/1964,Black,High School
Andra,Scheyer,9 Church St,andra@gmail.com,7/31/1976,White,Associate
Youlanda,Schemmer,2881 Lewis Rd,youlanda@aol.com,8/20/1994,Black,Doctorate
Vicky,Schellenberge,3922 Leda St,vschellenberge@hotmail.com,12/21/1991,Asian,High School
Adelle,Schantini,162 Grayson St,adelle_schantini@yahoo.com,3/15/1982,Black,High School
Rodolfo,Scavuzzo,5 Ruskin St,rodolfo_scavuzzo@yahoo.com,8/25/1992,White,Associate
Quiana,Scarsella,1400 Ash St,quiana_scarsella@hotmail.com,8/9/1969,Black,Master's
Berry,Scandalis,4 Vivian St,berry.scandalis@gmail.com,9/2/1992,Native American,Associate
Emiko,Sayre,8 Village St,emiko.sayre@yahoo.com,8/30/1988,White,Associate
Fatima,Saylors,2 Lighthouse Ave,fsaylors@saylors.org,7/23/1966,Black,Associate
Rasheeda,Sayaphon,251 Park Ave #979,rasheeda@aol.com,1/23/1962,White,Master's
Nelida,Sawchuk,3 State Route 35 S,nelida@gmail.com,1/15/1961,Black,High School
Milly,Savidge,129 Alexander Pope St,milly@gmail.com,12/9/1975,Asian,High School
Eladia,Saulter,3958 S Dupont Hwy #7,eladia@saulter.com,4/3/2000,Unknown,Associate
Noel,Sarra,2 Cockburn St,nsarra@gmail.com,1/28/1975,Native American,Master's
Glendora,Sarbacher,2140 Diamond Blvd,gsarbacher@gmail.com,2/17/1970,Asian,Associate
Sherita,Saras,8 Us Highway 22,sherita.saras@cox.net,7/2/1963,Native American,High School
Hoa,Sarao,27846 Lafayette Ave,hoa@sarao.org,5/1/2000,Asian,High School
Domonique,Sandlin,95 Denton St,domonique@hotmail.com,4/24/1961,White,Master's
Bonita,Sandblom,22 Kilshaw St,bsandblom@gmail.com,12/10/1974,Native American,Master's
Estrella,Samu,64 Lakeview Ave,estrella@aol.com,9/17/1964,Unknown,Bachelor's
Cristal,Samara,4119 Metropolitan Dr,cristal@cox.net,11/8/1961,Native American,High School
Benedict,Sama,4923 Carey Ave,bsama@cox.net,11/5/1977,Black,Master's
Octavio,Salvadore,6949 Bourne St,octavio.salvadore@yahoo.com,7/4/1995,White,Doctorate
Kina,Saltman,29 Oregon St,kina_saltman@gmail.com,1/30/1973,Native American,Associate
Justine,Salta,85 Bridgewater St,justine_salta@yahoo.com,3/17/1993,Native American,High School
Julie,Sakshaug,5 Shakspeare St #66,julie@gmail.com,7/18/1988,Asian,Doctorate
Royce,Saik,2 Maple Grove,royce@hotmail.com,8/8/1984,White,Doctorate
Paz,Sahagun,919 Wall Blvd,paz_sahagun@cox.net,5/22/1974,White,Doctorate
Sylvie,Ryser,649 Tulane Ave,sylvie@aol.com,6/5/1961,White,Master's
Graciela,Ruta,98 Connecticut Ave Nw,gruta@cox.net,2/15/1963,White,Doctorate
Royal,Rush,1 Argyle St,royal.rush@yahoo.com,7/22/1965,Black,Bachelor's
Kati,Rulapaugh,6980 Dorsett Rd,kati.rulapaugh@hotmail.com,1/27/1996,White,Master's
Rebbecca,Rufenacht,4190 Seacombe St,rrufenacht@yahoo.com,11/2/1961,Unknown,Bachelor's
Rebbeca,Rubinstein,4 Sherwood St,rebbeca_rubinstein@hotmail.com,2/27/1961,Black,Bachelor's
Wendell,Rubano,1 Back Canning St,wendell_rubano@hotmail.com,9/25/1970,Black,Doctorate
Maryann,Royster,74 S Westgate St,mroyster@royster.com,2/7/1973,Unknown,Master's
Jacqueline,Rowling,1 N San Saba,jacqueline.rowling@yahoo.com,4/25/1986,Native American,Doctorate
Linwood,Rosenlof,3 Pyramid St,linwood.rosenlof@yahoo.com,6/17/1991,Native American,High School
Margery,Rohrs,40 Peters Lane,margery@hotmail.com,7/1/1994,Native American,High School
Giuseppe,Rohaley,62 Margaret St,giuseppe@yahoo.com,12/14/1995,White,Associate
Nakita,Rodrigues,4 Northbrook St #600,nakita_rodrigues@gmail.com,9/2/2001,Asian,High School
Helene,Rodenberger,347 Chestnut St,helene@aol.com,10/1/1991,Native American,Bachelor's
Terrilyn,Rodeigues,3718 S Main St,terrilyn.rodeigues@cox.net,3/18/1991,Black,Master's
Bernardine,Rodefer,2 W Grand Ave,bernardine_rodefer@yahoo.com,2/27/1977,White,Doctorate
Shaunna,Rodamis,5 Gainsborough Rd,shaunna.rodamis@yahoo.com,1/10/1990,Native American,Doctorate
Xuan,Rochin,2 Monroe St,xuan@gmail.com,7/31/1968,Asian,Doctorate
Tu,Rivet,31 Buckingham Ave #3785,tu_rivet@gmail.com,8/21/1966,Asian,Bachelor's
Emogene,Ritthaler,1257 Stone St,emogene.ritthaler@yahoo.com,4/28/1971,White,Doctorate
Talia,Riopelle,1 N Harlem Ave #9,talia_riopelle@aol.com,6/6/1985,Unknown,High School
Elmira,Ringlein,143 Clark St #802,eringlein@gmail.com,3/17/1967,Native American,High School
Gladys,Rim,322 New Horizon Blvd,gladys.rim@rim.org,8/16/1978,Unknown,Doctorate
Meghan,Riherd,83 Denbigh St Bootle,meghan@riherd.co.uk,4/4/1997,Asian,Bachelor's
Salley,Rieger,1 Segrave St,salley.rieger@gmail.com,3/24/1977,Native American,Bachelor's
Dalene,Riden,66552 Malone Rd,dalene.riden@aol.com,3/29/1985,Unknown,Master's
Mi,Richan,6 Norwood Grove,mi@hotmail.com,1/27/1978,Asian,Doctorate
Micaela,Rhymes,20932 Hedley St,micaela_rhymes@gmail.com,12/27/2000,Black,High School
Bobbye,Rhym,30 W 80th St #1995,brhym@rhym.com,2/26/1997,Unknown,High School
Janine,Rhoden,92 Broadway,jrhoden@yahoo.com,5/26/1970,White,Master's
Erasmo,Rhea,5544 Sutherland St,erasmo_rhea@hotmail.com,3/22/1995,Asian,Doctorate
Theodora,Restrepo,42744 Hamann Industrial Pky #82,theodora.restrepo@restrepo.com,8/3/1992,Unknown,Master's
Leanora,Respicio,99 College St South #1,lrespicio@respicio.co.uk,1/14/1984,Native American,Associate
Vi,Rentfro,7163 W Clark Rd,vrentfro@cox.net,9/18/1979,Unknown,Master's
Tomoko,Renno,5160 High St #38,tomoko@renno.co.uk,3/13/1977,Black,Doctorate
Patti,Rempel,1346 Vandyke St,patti@rempel.co.uk,10/20/1997,Asian,High School
Laurel,Reitler,6 Kains Ave,laurel_reitler@reitler.com,11/19/1996,Asian,Doctorate
Celia,Reisling,8362 Whithorn St,celia.reisling@hotmail.com,10/11/1970,Asian,High School
Joana,Reinecke,2427 Olney St #7,jreinecke@reinecke.co.uk,9/15/1987,Unknown,Doctorate
Jacquelyne,Reibman,70 Lilly Rd,jacquelyne_reibman@yahoo.com,12/4/1972,Native American,Associate
Ligia,Reiber,206 Main St #2804,lreiber@cox.net,7/27/1990,Unknown,Doctorate
Jenelle,Regusters,3211 E Northeast Loop,jregusters@regusters.com,12/24/1998,Unknown,Associate
Marvel,Raymo,9 Vanowen St,mraymo@yahoo.com,11/21/1994,Asian,High School
Vicente,Rawicki,3060 St Ambrose Grove #261,vicente_rawicki@hotmail.com,12/1/1985,White,Associate
Krissy,Rauser,8728 S Broad St,krauser@cox.net,3/4/1979,Unknown,Associate
Alaine,Raterman,1 Milton St,alaine@hotmail.com,8/5/1964,Black,Bachelor's
Rosendo,Ratel,5588 Lake St #903,rratel@yahoo.com,7/13/1975,Unknown,Doctorate
Deangelo,Rardon,9970 Clyde Rd,deangelo_rardon@yahoo.com,1/6/1971,White,Master's
My,Rantanen,8 Mcarthur Ln,my@hotmail.com,6/23/1989,Black,Associate
Eric,Rampy,9472 Lind St,erampy@rampy.co.uk,11/4/1991,White,Bachelor's
Alton,Rampy,83 Battenburg St,alton_rampy@gmail.com,7/22/1990,Unknown,Bachelor's
Leota,Ragel,99 5th Ave #33,leota.ragel@gmail.com,8/27/1986,Native American,Associate
Evangelina,Radde,992 Civic Center Dr,evangelina@aol.com,11/13/1995,Asian,Associate
Karma,Quarto,1 Birkett St,kquarto@gmail.com,4/27/1975,White,Bachelor's
Thad,Puskarich,9302 Ismay St #6,thad_puskarich@puskarich.co.uk,11/9/1973,White,Bachelor's
Blondell,Pugh,201 Hawk Ct,bpugh@aol.com,8/24/1964,Asian,High School
Janna,Przybyl,5 April Rd #13,jprzybyl@przybyl.co.uk,4/26/1972,Native American,Doctorate
Sabina,Prok,954 Birchdale Rd,sabina.prok@prok.co.uk,4/30/1961,Black,Master's
Felicidad,Poullion,9939 N 14th St,fpoullion@poullion.com,5/13/1972,Native American,Bachelor's
Mattie,Poquette,73 State Road 434 E,mattie@aol.com,3/29/1981,Asian,Doctorate
Cathrine,Pontoriero,812 S Haven St,cathrine.pontoriero@pontoriero.com,3/25/1998,Asian,Master's
Sherell,Pomarico,29 Greenleaf St,spomarico@hotmail.com,12/14/1988,White,Doctorate
Jaleesa,Polintan,8 Taylor St,jpolintan@polintan.co.uk,8/13/2002,Unknown,Doctorate
Katina,Polidori,5 Little River Tpke,katina_polidori@aol.com,3/5/1972,White,Doctorate
Mohammad,Poitra,363 Vandries St,mpoitra@yahoo.com,10/7/1982,Unknown,Bachelor's
Angelica,Poisso,47 Orry St #8243,apoisso@gmail.com,2/14/1994,Unknown,Associate
Emily,Pogorelc,5196 York St,emily.pogorelc@yahoo.com,8/29/1982,Asian,Associate
Rickie,Plumer,3 N Groesbeck Hwy,rickie.plumer@aol.com,5/1/1963,Black,Associate
Shelia,Plues,9730 Dunnet St,shelia@gmail.com,8/6/1975,Black,Master's
Ashlyn,Pinilla,703 Beville Rd,apinilla@cox.net,10/10/1987,Native American,Bachelor's
Celestina,Pince,13 Stockdale St #779,cpince@pince.co.uk,3/30/1973,Black,Doctorate
Elroy,Piehler,821 Pembroke Place,epiehler@piehler.co.uk,9/19/1990,Unknown,Master's
Mel,Picciuto,8598 Rumney Rd,mel.picciuto@gmail.com,1/9/1976,Native American,High School
Isabella,Piatkowski,9283 Ruth St #81,isabella_piatkowski@piatkowski.co.uk,8/4/1961,Asian,Associate
Daniel,Perruzza,11360 S Halsted St,dperruzza@perruzza.com,4/24/1979,Black,Doctorate
Lavera,Perin,678 3rd Ave,lperin@perin.org,12/16/1967,Asian,Doctorate
Amie,Perigo,596 Santa Maria Ave #7913,amie.perigo@yahoo.com,4/4/1993,Unknown,Associate
Devora,Perez,72868 Blackington Ave,devora_perez@perez.org,5/27/1998,Unknown,Associate
Chana,Perera,9 Ogwen St,chana.perera@hotmail.com,2/26/1964,Black,Master's
Eugene,Pelzer,622 Holmes St,eugene_pelzer@gmail.com,12/9/1961,Unknown,Associate
Mozell,Pelkowski,577 Parade St,mpelkowski@pelkowski.org,7/17/1977,Native American,High School
Clarinda,Pelayo,714 Moored St,cpelayo@pelayo.co.uk,3/24/1988,Unknown,Associate
Teddy,Pedrozo,46314 Route 130,teddy_pedrozo@aol.com,6/21/1994,Asian,Doctorate
Margot,Peay,9923 Dinorben St #4838,margot.peay@yahoo.com,10/19/1976,Native American,High School
Gregoria,Pawlowicz,455 N Main Ave,gpawlowicz@yahoo.com,4/27/1975,Unknown,Associate
Howard,Paulas,866 34th Ave,hpaulas@gmail.com,10/10/1980,Asian,High School
Denise,Patak,2139 Santa Rosa Ave,denise@patak.org,8/5/1977,Unknown,Doctorate
Elizabeth,Pata,645 Lister Drive,elizabeth@gmail.com,1/1/1982,White,Doctorate
Lili,Paskin,20113 4th Ave E,lili.paskin@cox.net,7/9/1997,Native American,Doctorate
Arminda,Parvis,1 Huntwood Ave,arminda@parvis.com,4/11/1977,Asian,Doctorate
Moon,Parlato,74989 Brandon St,moon@yahoo.com,7/11/1993,Black,Bachelor's
Tatum,Parks,6061 Back Nile St,tparks@parks.co.uk,6/9/1973,Unknown,Master's
Lenna,Paprocki,639 Main St,lpaprocki@hotmail.com,8/13/1975,Native American,High School
Rory,Papasergi,83 County Road 437 #8581,rpapasergi@cox.net,12/15/1971,Native American,Bachelor's
Nell,Pao,1730 Seymour St,npao@gmail.com,4/8/1967,Unknown,High School
Hobert,Panfilov,92 Phythian St #614,hobert@gmail.com,9/27/1981,Black,Doctorate
Dana,Paluszynski,6378 Lyell St #48,dpaluszynski@paluszynski.co.uk,9/24/1998,Asian,Bachelor's
Yun,Paletta,9205 Upper Hill St,yun_paletta@paletta.co.uk,6/30/1973,Unknown,Bachelor's
Shawna,Palaspas,5 N Cleveland Massillon Rd,shawna_palaspas@palaspas.org,1/4/1991,Asian,High School
Alpha,Palaia,43496 Commercial Dr #29,alpha@yahoo.com,4/11/1977,Unknown,Bachelor's
Laurel,Pagliuca,36 Enterprise St Se,laurel@yahoo.com,2/12/1962,Black,Doctorate
Bulah,Padilla,8927 Vandever Ave,bulah_padilla@hotmail.com,11/21/1999,Asian,Doctorate
Alise,Packebush,22 Delamore St,alise.packebush@gmail.com,11/23/1984,Unknown,Bachelor's
Linn,Paa,1 S Pine St,linn_paa@paa.com,6/30/1994,Black,Master's
Kattie,Ozane,526 Liffey St #759,kozane@gmail.com,6/25/1990,Unknown,High School
Nathan,Outhouse,293 Vivian St,nathan.outhouse@gmail.com,10/22/1983,Native American,Associate
Ula,Otey,1 Newby St,ula@hotmail.com,1/16/1964,White,Bachelor's
Rozella,Ostrosky,17 Morena Blvd,rozella.ostrosky@ostrosky.com,6/29/1987,Asian,Master's
Jolene,Ostolaza,1610 14th St Nw,jolene@yahoo.com,5/1/1984,White,Master's
Dong,Oropeza,8657 Cedar St #2,doropeza@hotmail.com,9/8/1985,Unknown,Master's
Margarita,Orloski,78 Pine Grove,margarita_orloski@yahoo.com,1/23/1998,Native American,Associate
Melina,Orizabal,3 Nevison St,melina@gmail.com,12/1/1988,White,Doctorate
Antione,Onofrio,4 S Washington Ave,aonofrio@onofrio.com,4/3/1994,Unknown,High School
Glory,Ona,9830 Croxteth Rd,glory_ona@gmail.com,5/4/1974,Native American,High School
Jovita,Oles,8 S Haven St,joles@gmail.com,1/11/1994,White,Doctorate
Dyan,Oldroyd,7219 Woodfield Rd,doldroyd@aol.com,5/28/1973,Unknown,High School
Geraldo,Okoren,68 Carno St,gokoren@okoren.co.uk,4/24/1962,Unknown,Associate
Iluminada,Ohms,72 Southern Blvd,iluminada.ohms@yahoo.com,1/13/1968,Native American,Bachelor's
Kaitlyn,Ogg,2 S Biscayne Blvd,kaitlyn.ogg@gmail.com,9/19/1994,Asian,High School
Larue,Ocacio,8 Jacob St,larue@yahoo.com,6/21/1997,White,Associate
Gary,Nunlee,2 W Mount Royal Ave,gary_nunlee@nunlee.org,5/7/1983,Unknown,High School
Veronique,Nuckolls,198 Ranelagh Place,vnuckolls@gmail.com,12/10/1999,White,Doctorate
Janessa,Noonon,476 Starkie St,jnoonon@yahoo.com,1/26/1978,Unknown,Associate
Wei,Nobel,5221 Royston St,wei_nobel@hotmail.com,7/9/1991,Unknown,Master's
Cherrie,Nitschke,3 Burnall St,cherrie_nitschke@yahoo.com,12/6/1963,Asian,Associate
Erick,Nievas,45 E Acacia Ct,erick_nievas@aol.com,2/21/1965,Black,Associate
Herminia,Nicolozakes,4 58th St #3519,herminia@nicolozakes.org,8/22/1990,White,Master's
Bette,Nicka,6 S 33rd St,bette_nicka@cox.net,11/25/1976,Unknown,Doctorate
Freida,Newyear,675 Falstaff St #170,freida_newyear@yahoo.com,12/12/1977,Black,Master's
Lenna,Newville,987 Main St,lnewville@newville.com,6/30/1993,Asian,Associate
Rory,Neufville,5 Chadwick St #7,rory_neufville@neufville.co.uk,7/9/1985,Unknown,Associate
Lorrie,Nestle,39 S 7th St,lnestle@hotmail.com,12/5/1981,Native American,Associate
Cristen,Nesset,4679 Curzon St,cnesset@nesset.co.uk,6/4/1999,Unknown,Master's
Matthew,Neither,636 Commerce Dr #42,mneither@yahoo.com,9/18/1980,White,Bachelor's
Rikki,Nayar,1644 Clove Rd,rikki@nayar.com,6/6/1982,White,Doctorate
Arletta,Naomi,9 Lodwick St,arletta_naomi@naomi.co.uk,2/4/1996,Black,Doctorate
Tula,Nahmias,64 Croyland St,tnahmias@nahmias.co.uk,3/31/1978,Asian,Associate
Tarra,Nachor,39 Moccasin Dr,tarra.nachor@cox.net,2/20/2002,Native American,High School
Adelina,Nabours,80 Pittsford Victor Rd #9,adelina_nabours@gmail.com,5/22/1997,Black,Bachelor's
Stephane,Myricks,9 Tower Ave,stephane_myricks@cox.net,3/14/1999,Black,Master's
In,Muns,7 Haddock St #34,in_muns@muns.co.uk,8/10/1969,Native American,High School
Myra,Munns,461 Prospect Pl #316,mmunns@cox.net,6/28/1965,Unknown,Master's
Levi,Munis,2094 Ne 36th Ave,levi.munis@gmail.com,7/28/1968,Asian,Bachelor's
Timothy,Mulqueen,44 W 4th St,timothy_mulqueen@mulqueen.org,12/12/1997,Asian,High School
Justine,Mugnolo,38062 E Main St,jmugnolo@yahoo.com,1/10/1995,Asian,Bachelor's
Taryn,Moyd,48 Lenox St,taryn.moyd@hotmail.com,8/25/1966,Asian,Master's
Odette,Moussette,216 Lissant St #8,odette_moussette@gmail.com,2/12/1970,White,High School
Alethea,Mould,6305 Elstow St,alethea@hotmail.com,1/20/1999,Asian,High School
Chauncey,Motley,63 E Aurora Dr,chauncey_motley@aol.com,6/14/1973,Asian,Bachelor's
Cora,Mossing,38 Raffles St,cora@yahoo.com,7/10/1974,White,Bachelor's
Alba,Mosseri,4 Burnall St,alba@gmail.com,2/20/1980,Native American,Doctorate
Maryln,Mortenson,76 Paulton St,maryln@gmail.com,10/21/1996,White,Doctorate
Elly,Morocco,7 W 32nd St,elly_morocco@gmail.com,1/18/1981,Unknown,Master's
Shayne,Mordhorst,1 Bousfield St,smordhorst@mordhorst.co.uk,4/15/1964,Asian,Associate
Simona,Morasca,3 Mcauley Dr,simona@morasca.com,3/22/1989,Unknown,Doctorate
Lyndia,Moonshower,43 Williamson St #7995,lyndia_moonshower@moonshower.co.uk,2/9/1974,Asian,Doctorate
Georgene,Montezuma,98 University Dr,gmontezuma@cox.net,5/25/1979,Asian,Master's
Renea,Monterrubio,26 Montgomery St,renea@hotmail.com,12/8/1978,Black,High School
Eileen,Montecalvo,9986 Cantsfield St,eileen@yahoo.com,11/2/1999,Asian,High School
Vallie,Mondella,74 W College St,vmondella@mondella.com,6/18/1979,Native American,High School
Amber,Monarrez,14288 Foster Ave #4121,amber_monarrez@monarrez.org,11/14/1998,White,Bachelor's
Pok,Molaison,211 Hobart St,pok@yahoo.com,9/12/1970,Black,Doctorate
Ayesha,Moeder,620 Old Leeds St,ayesha@gmail.com,2/27/1976,Asian,Associate
Tracey,Modzelewski,77132 Coon Rapids Blvd Nw,tracey@hotmail.com,11/5/1980,Unknown,Master's
Dallas,Miyashiro,4919 Lime Grove,dallas_miyashiro@miyashiro.co.uk,5/30/1968,Unknown,Bachelor's
Ronna,Mittler,2767 Pembroke St #979,ronna_mittler@hotmail.com,5/10/1980,Black,High School
Billye,Miro,36 Lancaster Dr Se,billye_miro@cox.net,8/15/1977,Unknown,Master's
Becky,Mirafuentes,30553 Washington Rd,becky.mirafuentes@mirafuentes.com,10/23/1969,Black,Doctorate
Tanja,Milne,9772 Teilo St,tanja.milne@yahoo.com,1/3/1977,White,Bachelor's
Edna,Miceli,555 Main St,emiceli@miceli.org,12/28/1970,Unknown,Bachelor's
Hubert,Mias,3614 Old Hall St #604,hubert.mias@gmail.com,5/17/1990,Native American,Doctorate
German,Meyerhoff,883 Howe St,german@meyerhoff.co.uk,7/16/1980,Native American,Master's
Nichelle,Meteer,72 Beechwood Ter,nichelle_meteer@meteer.com,12/26/1979,White,Bachelor's
Theron,Merriam,869 Luke St,theron@merriam.co.uk,7/31/1972,Asian,High School
Elden,Mercik,7 St Edmonds Rd,elden_mercik@mercik.co.uk,3/6/1963,Native American,High School
Laticia,Merced,72 Mannix Dr,lmerced@gmail.com,3/22/1995,White,Bachelor's
Oretha,Menter,8 County Center Dr #647,oretha_menter@yahoo.com,1/25/1984,Native American,Associate
Gracia,Melnyk,97 Airport Loop Dr,gracia@melnyk.com,1/3/1999,Asian,Doctorate
Lewis,Mellom,6 St Hilda St,lewis@yahoo.com,4/9/1976,Native American,Master's
Margart,Meisel,868 State St #38,margart_meisel@yahoo.com,12/3/1974,Black,Doctorate
Dino,Meinert,80 Ellerslie Rd,dino.meinert@yahoo.com,3/19/1985,Black,Associate
Vincent,Meinerding,4441 Point Term Mkt,vincent.meinerding@hotmail.com,5/24/1991,Unknown,Bachelor's
Alexia,Meenan,94 Villars St,alexia.meenan@meenan.co.uk,7/5/1966,Black,Doctorate
Ulysses,Mcwalters,505 Exeter Rd,ulysses@hotmail.com,10/29/1996,White,Doctorate
Trinidad,Mcrae,10276 Brooks St,trinidad_mcrae@yahoo.com,12/12/1972,Native American,Doctorate
Jettie,Mconnell,50 E Wacker Dr,jmconnell@hotmail.com,4/23/1990,Unknown,High School
Nu,Mcnease,88 Sw 28th Ter,nu@gmail.com,7/16/1992,White,Master's
Kyoko,Mcmillian,77 Reading St #8,kyoko_mcmillian@gmail.com,6/28/1977,White,Master's
Elli,Mclaird,6 Sunrise Ave,emclaird@mclaird.com,8/19/1970,Unknown,Bachelor's
Sheridan,Mckenize,31 Davy St,sheridan.mckenize@hotmail.com,11/7/1976,White,Associate
Isadora,Mchughes,792 Queens Rd,isadora.mchughes@mchughes.co.uk,6/17/1979,Black,High School
Mollie,Mcdoniel,8590 Lake Lizzie Dr,mollie_mcdoniel@yahoo.com,10/21/1968,Native American,Bachelor's
Brett,Mccullan,87895 Concord Rd,brett.mccullan@mccullan.com,3/7/1967,Native American,Master's
Cornell,Mccrossin,623 Cornhill,cornell.mccrossin@mccrossin.co.uk,12/25/1994,Unknown,Master's
Reuben,Mccorrison,545 North John St,reuben.mccorrison@hotmail.com,11/29/1993,Unknown,Associate
Veronica,Mcclodden,8 Cookson St,veronica@hotmail.com,5/19/1966,Asian,Associate
Evette,Mazierski,8092 Firdale Rd,emazierski@mazierski.co.uk,8/3/2002,Unknown,Master's
Chantell,Maynerich,2023 Greg St,chantell@yahoo.com,4/26/1982,Black,Bachelor's
Marti,Maybury,4 Warehouse Point Rd #7,marti.maybury@yahoo.com,6/30/1991,Native American,Master's
Leonora,Mauson,3381 E 40th Ave,leonora@yahoo.com,12/23/1983,Asian,Doctorate
Olive,Matuszak,13252 Lighthouse Ave,olive@aol.com,12/26/1988,Native American,Bachelor's
Brianne,Matsumura,7 Cottenham St,brianne@matsumura.co.uk,10/30/1989,Black,Doctorate
Micheline,Mathieson,3 Copenhagen Rd,micheline.mathieson@yahoo.com,7/29/1989,Asian,Associate
Marjory,Mastella,71 San Mateo Ave,mmastella@mastella.com,7/30/1992,Black,Bachelor's
Talia,Marthe,5 Minerva St,talia.marthe@gmail.com,11/17/1992,Native American,Master's
Lorean,Martabano,85092 Southern Blvd,lorean.martabano@hotmail.com,9/1/1998,White,Associate
Anika,Marse,231 Wordsworth St,anika@marse.co.uk,10/4/1982,Native American,Bachelor's
Frankie,Marruffo,52 Morningside Rd #1,fmarruffo@gmail.com,7/27/1982,Black,High School
Kris,Marrier,228 Runamuck Pl #2808,kris@gmail.com,11/12/1994,Unknown,High School
Cristina,Marola,2449 Amberly St #6364,cmarola@gmail.com,10/5/1975,Asian,Bachelor's
Dusti,Maricle,59 Charles St,dusti@gmail.com,11/8/1990,Native American,Master's
Carey,Marchetta,7217 Edge Grove,cmarchetta@hotmail.com,4/16/1993,White,Master's
Telma,Maraia,25 Village St,telma@maraia.co.uk,1/9/1973,Unknown,Associate
Lura,Manzella,929 Augustine St,lura@hotmail.com,5/9/1973,Asian,Doctorate
Thurman,Manno,9387 Charcot Ave,thurman.manno@yahoo.com,10/5/1978,Unknown,High School
Sueann,Mandril,751 Stamford St,smandril@hotmail.com,5/22/1990,Asian,Doctorate
Tran,Mandiola,6226 Maitland St,tran.mandiola@hotmail.com,2/14/1983,Native American,Doctorate
Velda,Mancilla,7866 Renshaw St #283,velda_mancilla@mancilla.co.uk,4/27/1983,Native American,Bachelor's
Pura,Manciel,7 Water St,pura.manciel@yahoo.com,1/23/1970,Asian,Doctorate
Chaya,Malvin,560 Civic Center Dr,chaya@malvin.com,7/18/1980,White,Master's
Mirta,Mallett,7 S San Marcos Rd,mirta_mallett@gmail.com,10/31/1994,White,High School
Blair,Malet,209 Decker Dr,bmalet@yahoo.com,12/11/1985,Native American,Associate
Kerrie,Makuch,7855 Sir Thomas St #7499,kmakuch@gmail.com,9/2/1999,Unknown,Associate
Reena,Maisto,9648 S Main,reena@hotmail.com,10/19/1968,White,High School
Venita,Maillard,72119 S Walker Ave #63,venita_maillard@gmail.com,12/2/1995,Asian,Associate
Sharee,Maile,2094 Montour Blvd,sharee_maile@aol.com,1/21/1961,Unknown,Master's
Earleen,Mai,75684 S Withlapopka Dr #32,earleen_mai@cox.net,9/23/1974,Asian,High School
Destiny,Madlem,421 Monument Place #44,destiny@yahoo.com,9/1/1991,Black,High School
Kimbery,Madarang,798 Lund Farm Way,kimbery_madarang@cox.net,6/4/1998,Unknown,High School
Abel,Maclead,37275 St  Rt 17m M,amaclead@gmail.com,3/5/1992,White,High School
Tijuana,Machalek,1149 Highfield Rd #996,tijuana.machalek@gmail.com,10/2/1965,Unknown,Bachelor's
Fannie,Lungren,17 Us Highway 111,fannie.lungren@yahoo.com,3/5/1962,White,Master's
Shanda,Lunger,2476 Marsh St,slunger@gmail.com,5/24/2001,Asian,Associate
Markus,Lukasik,89 20th St E #779,markus@yahoo.com,2/1/1976,Black,High School
Mignon,Luger,80 Talbot St,mignon@gmail.com,10/29/1982,Unknown,Bachelor's
Mari,Lueckenbach,1 Century Park E,mari_lueckenbach@yahoo.com,11/17/2001,Asian,Master's
Yolando,Luczki,422 E 21st St,yolando@cox.net,8/1/1996,Unknown,Associate
Doug,Lucore,65 Rankin St,dlucore@yahoo.com,5/20/1990,White,Bachelor's
Leah,Luchterhand,68 Scotland Place,leah@hotmail.com,6/18/1970,Asian,Associate
Sheron,Louissant,97 E 3rd St #9,sheron@aol.com,1/22/1961,Asian,Doctorate
Cristy,Lother,3989 Portage Tr,cristy@lother.com,11/16/1980,White,Master's
Lawrence,Lorens,9 Hwy,lawrence.lorens@hotmail.com,2/20/1998,Unknown,Doctorate
Margurite,Loperfido,218 Greenbank Drive,mloperfido@gmail.com,9/4/1990,Native American,Bachelor's
Ivory,Lohrenz,9 Jackson St,ivory@hotmail.com,5/3/1978,Black,High School
Edwin,Logghe,950 Gordon St,edwin_logghe@hotmail.com,10/2/1968,Black,Master's
Chan,Loftin,84 Walton Village,chan@gmail.com,1/20/1996,Native American,Master's
Corinne,Loder,4 Carroll St,corinne@loder.org,11/27/1992,Black,Associate
Alex,Loader,37 N Elm St #916,alex@loader.com,12/4/1992,White,Master's
Lashaunda,Lizama,3387 Ryan Dr,llizama@cox.net,12/20/1985,Native American,Associate
Gilma,Liukko,16452 Greenwich St,gilma_liukko@gmail.com,5/9/2000,Native American,Master's
Adell,Lipkin,65 Mountain View Dr,adell.lipkin@lipkin.com,5/7/1981,Native American,Doctorate
Elza,Lipke,6794 Lake Dr E,elza@yahoo.com,2/14/1993,Asian,Bachelor's
Timmy,Lintner,9112 Hardwick St,tlintner@hotmail.com,4/28/1994,Black,High School
Beula,Lingo,65 Oban Rd,beula_lingo@yahoo.com,1/12/1999,Asian,High School
Carmelina,Lindall,2664 Lewis Rd,carmelina_lindall@lindall.com,9/30/1983,Black,Doctorate
Maile,Linahan,9 Plainsboro Rd #598,mlinahan@yahoo.com,5/14/1984,Asian,High School
Kenny,Lin,1 Towson St,kenny@lin.co.uk,6/27/1977,Native American,Master's
Marge,Limmel,189 Village Park Rd,marge@gmail.com,11/14/1986,Asian,Associate
Aleta,Ligons,4545 Victoria Rd,aleta_ligons@hotmail.com,11/14/1983,Black,High School
Cherry,Lietz,40 9th Ave Sw #91,cherry@lietz.com,9/4/1975,Black,High School
Reita,Leto,55262 N French Rd,reita.leto@gmail.com,8/23/1993,Asian,Doctorate
Aleisha,Lemm,341 Birchfield St,aleisha.lemm@gmail.com,4/24/1995,Black,Associate
Joanna,Leinenbach,1 Washington St,joanna_leinenbach@hotmail.com,7/26/2000,Native American,Associate
Queen,Leader,6 Princes St,queen_leader@gmail.com,4/7/1981,Unknown,Master's
Stefania,Leadbeater,10 Carisbrooke St,stefania_leadbeater@hotmail.com,2/22/1986,Asian,High School
Ma,Layous,78112 Morris Ave,mlayous@hotmail.com,2/2/1978,Unknown,Master's
Merlyn,Lawler,4671 Alemany Blvd,merlyn_lawler@hotmail.com,7/25/1979,Asian,Doctorate
Angelo,Lavista,97 Newlands St,angelo.lavista@gmail.com,1/28/1975,Asian,Master's
Naomi,Lavezzo,9854 Ranelagh Place,naomi.lavezzo@yahoo.com,10/14/1964,Native American,Doctorate
Lemuel,Latzke,70 Euclid Ave #722,lemuel.latzke@gmail.com,1/23/2001,Asian,Associate
Lucina,Lary,8597 W National Ave,lucina_lary@cox.net,12/18/1979,Unknown,Associate
Mee,Lapinski,9 Pengwern St,mee.lapinski@yahoo.com,1/7/1980,White,Doctorate
Cecil,Lapage,4 Stovall St #72,clapage@lapage.com,11/23/1989,Native American,Bachelor's
Coleen,Langer,745 Goodall St #9309,coleen.langer@hotmail.com,7/6/1966,Black,Associate
Sena,Langenbach,38 Avondale Rd #79,sena.langenbach@hotmail.com,9/3/1975,Asian,High School
Gilbert,Langarica,82 Sinclair St,gilbert.langarica@gmail.com,12/6/1994,Asian,High School
Vannessa,Land,201 Bran St,vannessa.land@yahoo.com,3/17/1987,Black,High School
Salome,Lacovara,9677 Commerce Dr,slacovara@gmail.com,10/5/1991,Unknown,Master's
Kayleigh,Lace,43 Huey P Long Ave,kayleigh.lace@yahoo.com,7/17/1993,Black,High School
Dulce,Labreche,9581 E Arapahoe Rd,dulce_labreche@yahoo.com,1/5/1972,Black,Bachelor's
Willow,Kusko,90991 Thorburn Ave,wkusko@yahoo.com,5/8/1972,Black,High School
Carrol,Kunimitsu,1 Askew St,carrol_kunimitsu@yahoo.com,9/25/1976,Native American,Doctorate
Glory,Kulzer,55892 Jacksonville Rd,gkulzer@kulzer.org,4/29/1980,Asian,Master's
Leonard,Kufner,41 Canning St,lkufner@kufner.co.uk,11/6/2002,Asian,Doctorate
Marshall,Kozikowski,47 Elwy St,marshall@hotmail.com,4/20/1961,White,Associate
Kenda,Koza,7 Netley St,kkoza@koza.co.uk,6/19/1991,Native American,Bachelor's
Sue,Kownacki,2 Se 3rd Ave,sue@aol.com,8/26/1995,Native American,Associate
Celeste,Korando,7 W Pinhook Rd,ckorando@hotmail.com,12/8/1997,Native American,Bachelor's
Nan,Koppinger,88827 Frankford Ave,nan@koppinger.com,6/10/1992,White,Master's
Dong,Kopczynski,7 Cheapside #9,dkopczynski@kopczynski.co.uk,11/23/1987,Unknown,Associate
Pansy,Kopan,1 Northampton St,pansy@kopan.co.uk,11/17/2002,Black,High School
Willodean,Konopacki,55 Hawthorne Blvd,willodean_konopacki@konopacki.org,10/10/1985,Asian,Doctorate
Isabelle,Kono,4920 Fazakerley Rd,isabelle.kono@yahoo.com,1/1/1987,Unknown,Associate
Willard,Kolmetz,618 W Yakima Ave,willard@hotmail.com,10/22/1992,Asian,High School
Audra,Kohnert,134 Lewis Rd,audra@kohnert.com,8/5/1992,Native American,Associate
Lizbeth,Kohl,35433 Blake St #588,lizbeth@yahoo.com,10/3/1975,Unknown,Doctorate
Shannon,Kobayashi,1111 Nesfield St,shannon@yahoo.com,10/10/1980,Asian,Doctorate
Sherron,Knodel,159 Carlton St,sherron@knodel.co.uk,12/7/1993,Asian,Associate
Melodie,Knipp,326 E Main St #6496,mknipp@gmail.com,7/21/1974,White,Bachelor's
Horace,Knapp,5 Eyes St,horace.knapp@yahoo.com,10/12/1962,Black,Master's
Arlene,Klusman,3 Secor Rd,arlene_klusman@gmail.com,9/10/1986,Black,Bachelor's
Karl,Klonowski,76 Brooks St #9,karl_klonowski@yahoo.com,12/2/1981,Native American,Doctorate
Jody,Klitzing,3 Byng St #524,jody_klitzing@hotmail.com,2/2/1970,Black,Associate
Kristine,Klipfel,3380 Alexander St,kristine.klipfel@yahoo.com,2/18/1998,Black,Associate
Dustin,Klingaman,67 Micawber St,dklingaman@gmail.com,12/11/1967,White,Bachelor's
Valentin,Klimek,137 Pioneer Way,vklimek@klimek.org,10/8/1984,White,Doctorate
Yuette,Klapec,45 Bradfield St #166,yuette.klapec@klapec.co.uk,6/16/1996,Black,High School
Lashandra,Klang,810 N La Brea Ave,lashandra@yahoo.com,7/19/1996,Unknown,Master's
Chau,Kitzman,429 Tiger Ln,chau@gmail.com,3/26/1982,Black,Master's
Gail,Kitty,735 Crawford Dr,gail@kitty.com,12/8/1989,Black,Doctorate
Deonna,Kippley,57 Haven Ave #90,deonna_kippley@hotmail.com,2/25/1966,Native American,Doctorate
Jacob,Kippel,4 Monmouth Rd,jacob.kippel@yahoo.com,10/23/1994,Native American,High School
Elliott,Kins,32 High Park St #44,elliott@gmail.com,11/21/1987,White,High School
Donte,Kines,3 Aspen St,dkines@hotmail.com,6/5/1986,Black,Associate
Louvenia,Kincannon,87 Eldon Place,lkincannon@kincannon.co.uk,11/5/1969,Asian,Bachelor's
Virgie,Kiel,76598 Rd  I 95 #1,vkiel@hotmail.com,6/17/1969,Black,Master's
Peggy,Khov,328 Pallas St,peggy.khov@gmail.com,11/10/1973,Unknown,Master's
Laquanda,Kho,7 Lockhart St,laquanda.kho@yahoo.com,2/14/1986,Asian,High School
Bettina,Kham,80 Morecambe St,bettina.kham@kham.co.uk,12/16/1971,White,High School
Dean,Ketelsen,2 Flynn Rd,dean_ketelsen@gmail.com,8/30/1977,Unknown,High School
Gerald,Kernagis,8 Hinton St #8241,gerald_kernagis@kernagis.co.uk,7/18/1965,Asian,High School
Fallon,Kerfoot,3186 Naylor St,fallon.kerfoot@gmail.com,6/18/1996,Asian,Bachelor's
Lashawn,Ker,13 Nelson Rd,lashawn.ker@gmail.com,1/21/1979,Native American,Bachelor's
Kate,Keneipp,33 N Michigan Ave,kate_keneipp@yahoo.com,9/1/1975,Native American,Doctorate
Garry,Keetch,5 Green Pond Rd #4,garry_keetch@hotmail.com,4/28/1978,Asian,Doctorate
Celestina,Keeny,9 Milton St,celestina_keeny@gmail.com,10/18/2000,Asian,Associate
Ruthann,Keener,3424 29th St Se,ruthann@hotmail.com,8/2/2000,Asian,Bachelor's
Almeta,Keehner,3 Ivyleigh,akeehner@hotmail.com,11/29/1968,Asian,Bachelor's
Alesia,Katie,4 Covent Garden,alesia_katie@gmail.com,6/30/1961,Asian,Bachelor's
Karan,Karpin,3 Elmwood Dr,karan_karpin@gmail.com,3/9/1986,Black,Bachelor's
Salena,Karpel,1 Garfield Ave #7,skarpel@cox.net,7/19/1979,Black,Bachelor's
Colette,Kardas,21575 S Apple Creek Rd,colette.kardas@yahoo.com,10/22/2001,Unknown,Master's
Maira,Karas,9 Cropper St,maira.karas@yahoo.com,7/4/1997,White,Doctorate
Edgar,Kanne,99 Guthrie St,edgar.kanne@yahoo.com,11/28/1983,Asian,Master's
Regenia,Kannady,10759 Main St,regenia.kannady@cox.net,5/16/1961,White,Master's
Golda,Kaniecki,6201 S Nevada Ave,golda_kaniecki@yahoo.com,5/20/1993,Black,Bachelor's
Raylene,Kampa,2 Sw Nyberg Rd,rkampa@kampa.org,1/3/1979,Asian,Doctorate
Chantay,Kamens,763 Parkfield Rd,ckamens@hotmail.com,5/6/1961,Native American,High School
Noah,Kalafatis,1950 5th Ave,noah.kalafatis@aol.com,12/13/1997,Asian,Master's
Nickolas,Juvera,177 S Rider Trl #52,nickolas_juvera@cox.net,12/27/1975,Black,Master's
Luisa,Jurney,25 Se 176th Pl,ljurney@hotmail.com,1/31/1970,Black,Doctorate
Dewitt,Julio,7 Richmond St,dewitt.julio@hotmail.com,10/14/1971,Black,Associate
Caitlin,Julia,5 Williams St,caitlin.julia@julia.org,7/15/1998,White,Master's
Deeanna,Juhas,14302 Pennsylvania Ave,deeanna_juhas@gmail.com,12/14/1998,White,Doctorate
Eva,Joulwan,7 Lear Rd,eva.joulwan@gmail.com,2/14/1965,Black,Doctorate
Chantay,Jirsa,966 Bower St,chantay_jirsa@jirsa.co.uk,3/14/1977,Native American,High School
Fernanda,Jillson,60480 Old Us Highway 51,fjillson@aol.com,10/25/1974,Black,High School
Ashley,Jessie,9548 Ogwen St #84,ashley_jessie@jessie.co.uk,7/3/1972,Asian,Doctorate
Owen,Jentzen,5 Hampden St,owen_jentzen@jentzen.co.uk,11/19/1969,Asian,Doctorate
Vivan,Jenious,8 Carolina St,vjenious@yahoo.com,6/28/1972,Unknown,Bachelor's
Alline,Jeanty,55713 Lake City Hwy,ajeanty@gmail.com,2/22/1982,Unknown,Master's
Eden,Jayson,4 Iwaena St,eden_jayson@yahoo.com,3/23/1973,Native American,Master's
Corrinne,Jaret,2150 Morley St,corrinne_jaret@gmail.com,8/21/1973,Native American,Associate
Kara,Jaquish,345 Feltwell Rd,kara@yahoo.com,9/8/1972,Native American,Doctorate
Refugia,Jacobos,2184 Worth St,refugia.jacobos@jacobos.com,9/20/1980,Native American,Master's
Allene,Iturbide,1 Central Ave,allene_iturbide@cox.net,6/17/2002,Native American,Doctorate
Charlie,Isita,39 Hooton Place,charlie@isita.co.uk,9/8/1962,White,Doctorate
Lettie,Isenhower,70 W Main St,lettie_isenhower@yahoo.com,7/1/1995,Asian,Doctorate
Bok,Isaacs,6 Gilson St,bok.isaacs@aol.com,8/15/1976,Native American,Bachelor's
Veronika,Inouye,6 Greenleaf Ave,vinouye@aol.com,5/20/1967,Native American,Master's
Lili,Imondi,9 Herbert St,lili_imondi@hotmail.com,5/19/1984,Unknown,Bachelor's
Joaquin,Hysom,115 Lister Rd,jhysom@gmail.com,2/2/1969,Unknown,Master's
Selma,Husser,9 State Highway 57 #22,selma.husser@cox.net,7/9/1969,Asian,Doctorate
Viki,Humeniuk,8822 Trafalgar St,vhumeniuk@gmail.com,11/27/1993,Black,Master's
Deandrea,Hughey,33 Lewis Rd #46,deandrea@yahoo.com,6/6/1993,Native American,Bachelor's
Mitzie,Hudnall,17 Jersey Ave,mitzie_hudnall@yahoo.com,3/27/1988,White,Bachelor's
Alayna,Hoyal,70 Royal St,alayna_hoyal@hotmail.com,10/26/1975,Black,Associate
Shantay,Hopman,7602 Brook St #86,shopman@hopman.co.uk,2/20/1971,Black,Doctorate
Ettie,Hoopengardner,39 Franklin Ave,ettie.hoopengardner@hotmail.com,7/18/1968,Native American,Master's
Tamar,Hoogland,2737 Pistorio Rd #9230,tamar@hotmail.com,3/9/1968,Unknown,Master's
Arlette,Honeywell,11279 Loytan St,ahoneywell@honeywell.com,4/19/1982,Unknown,Master's
Man,Homer,7 Canton St,man.homer@gmail.com,10/11/1961,Asian,High School
Jerlene,Holtgrewe,33 Fonthill Rd,jholtgrewe@yahoo.com,4/11/1964,Native American,High School
Corinne,Holman,1831 Richards St #8,corinne@holman.co.uk,6/28/1970,White,Master's
Cecily,Hollack,59 N Groesbeck Hwy,cecily@hollack.org,7/28/1965,Asian,Master's
Eve,Hoffstot,1661 Arrow St,eve.hoffstot@yahoo.com,9/30/1974,Unknown,Associate
Roosevelt,Hoffis,60 Old Dover Rd,roosevelt.hoffis@aol.com,9/29/1972,Unknown,Doctorate
Malinda,Hochard,55 Riverside Ave,malinda.hochard@yahoo.com,8/22/1993,White,Doctorate
Clay,Hoa,73 Saint Ann St #86,choa@hoa.org,2/8/1981,Unknown,Associate
Alesia,Hixenbaugh,9 Front St,alesia_hixenbaugh@hixenbaugh.org,8/2/1972,Unknown,Associate
Laquita,Hisaw,20 Gloucester Pl #96,laquita@yahoo.com,1/12/1986,Asian,High School
Felix,Hirpara,7563 Cornwall Rd #4462,felix_hirpara@cox.net,5/3/1982,Asian,Master's
Jules,Hiltner,5 Howe St,jules@yahoo.com,10/23/1998,White,Doctorate
Daryl,Hilcher,6267 Greenland St,dhilcher@hotmail.com,5/4/2000,Native American,Doctorate
Dorthy,Hidvegi,9635 S Main St,dhidvegi@yahoo.com,7/16/2002,Native American,Doctorate
Marguerita,Hiatt,82 N Highway 67,marguerita.hiatt@gmail.com,5/26/1976,Unknown,Bachelor's
Kirk,Herritt,88 15th Ave Ne,kirk.herritt@aol.com,4/28/2001,Black,Bachelor's
Lavonda,Hengel,87 Imperial Ct #79,lavonda@cox.net,5/9/1966,White,High School
Dottie,Hellickson,67 E Chestnut Hill Rd,dottie@hellickson.org,5/25/1963,Unknown,Associate
Samira,Heintzman,8772 Old County Rd #5410,sheintzman@hotmail.com,11/11/1981,Asian,Bachelor's
Clorinda,Heimann,105 Richmond Valley Rd,clorinda.heimann@hotmail.com,1/5/1983,Unknown,Doctorate
Antonio,Heilig,35 Elton St #3,antonio.heilig@gmail.com,3/6/1983,Black,Associate
Remona,Heier,7199 St Clare Rd,remona.heier@heier.co.uk,11/26/2001,Unknown,Bachelor's
Roxanne,Hedegore,592 Catharine St,roxanne_hedegore@gmail.com,12/26/1979,White,High School
Rodrigo,Hawkin,661 Great Crosshall St,rodrigo@hotmail.com,9/16/1995,Unknown,Bachelor's
Vesta,Havely,493 Wellington Rd,vhavely@havely.co.uk,10/7/2002,Unknown,Doctorate
Harrison,Haufler,759 Eldora St,hhaufler@hotmail.com,12/28/1976,Asian,Master's
Fabiola,Hauenstein,8573 Lincoln Blvd,fabiola.hauenstein@hauenstein.org,3/9/1987,Black,Associate
Germaine,Hascall,1616 Menzies St #453,ghascall@hotmail.com,7/15/1968,Asian,Master's
Cheryl,Haroldson,92 Main St,cheryl@haroldson.org,11/18/1990,White,High School
Ryan,Harnos,13 Gunnison St,ryan@cox.net,7/31/1978,Asian,Associate
Lai,Harabedian,1933 Packer Ave #2,lai@gmail.com,9/14/1992,Black,Bachelor's
Malika,Hanton,1175 Greig St,malika@gmail.com,6/8/1976,Unknown,Bachelor's
Jordan,Handsaker,2 Cherry Lane,jordan_handsaker@gmail.com,3/19/1990,Native American,High School
Jolanda,Hanafan,37855 Nolan Rd,jhanafan@gmail.com,11/23/1988,Asian,Master's
Charlene,Hamilton,985 E 6th Ave,charlene.hamilton@hotmail.com,4/11/1994,Native American,Bachelor's
Helaine,Halter,8 Sheridan Rd,hhalter@yahoo.com,11/6/1980,Black,Master's
Nobuko,Halsey,8139 I Hwy 10 #92,nobuko.halsey@yahoo.com,5/6/1966,Unknown,High School
Heidy,Hallford,8054 Low Hill,hhallford@hotmail.com,1/14/1961,Unknown,High School
Leatha,Hagele,627 Walford Ave,lhagele@cox.net,12/20/1974,Asian,Doctorate
Elouise,Gwalthney,9506 Edgemore Ave,egwalthney@yahoo.com,11/30/1997,Asian,Associate
Berry,Gutoski,9 Oakleigh,berry@gmail.com,2/16/1995,Native American,Bachelor's
Peter,Gutierres,4410 Tarlton St,peter_gutierres@yahoo.com,11/22/1980,Native American,Associate
Marget,Gunst,2732 Bostock St #1,mgunst@yahoo.com,2/7/1968,Asian,Master's
Laura,Gumaer,1779 Bird St,laura_gumaer@gmail.com,7/6/1986,Asian,High School
Emilio,Guitierrez,2 Weller St,emilio_guitierrez@guitierrez.co.uk,4/25/1997,Native American,Doctorate
Bobbie,Guillereault,385 Upper Hampton St #39,bguillereault@gmail.com,1/18/1997,Asian,Master's
Larae,Gudroe,6651 Municipal Rd,larae_gudroe@gmail.com,6/18/1982,White,High School
Augustine,Growcock,114 Falkland St #8845,augustine.growcock@growcock.co.uk,8/10/1965,Unknown,Bachelor's
Carolann,Gross,6352 Grosvenor St,carolann@gross.co.uk,8/25/1976,Native American,Associate
Yen,Groody,21 Pilgrim St,ygroody@groody.co.uk,5/16/1975,Black,Master's
Kenneth,Grenet,2167 Sierra Rd,kenneth.grenet@grenet.org,9/8/1988,Black,Bachelor's
Shonda,Greenbush,82 Us Highway 46,shonda_greenbush@cox.net,11/19/1965,Asian,Master's
Marg,Grasmick,7457 Cowl St #70,marg@hotmail.com,8/11/1964,Native American,Doctorate
Amina,Goulbourne,684 Cotswold St,amina@yahoo.com,10/4/1975,Black,Associate
Nieves,Gotter,4940 Pulaski Park Dr,nieves_gotter@gmail.com,3/29/1991,Asian,Doctorate
Whitney,Goossen,7568 Atlas St,whitney.goossen@hotmail.com,10/29/1982,White,Doctorate
Casie,Good,5221 Bear Valley Rd,casie.good@aol.com,9/7/1990,Asian,High School
Felice,Gone,7602 Grantham St,felice.gone@hotmail.com,3/7/1996,Black,Doctorate
Elenore,Gomoran,7 Great Orford St,elenore_gomoran@yahoo.com,3/23/1992,White,Bachelor's
Ardella,Goldrup,3145 Rhyl St,ardella.goldrup@goldrup.co.uk,4/4/2000,Unknown,Doctorate
Cyndy,Goldammer,170 Wyoming Ave,cgoldammer@cox.net,1/8/1982,Native American,High School
Freeman,Gochal,383 Gunderman Rd #197,freeman_gochal@aol.com,11/25/1984,White,Bachelor's
Leonida,Gobern,5 Elmwood Park Blvd,leonida@gobern.org,9/27/1972,Black,Associate
Albina,Glick,4 Ralph Ct,albina@glick.com,9/20/1979,Native American,Bachelor's
Catarina,Gleich,78 Maryland Dr #146,catarina_gleich@hotmail.com,11/16/1977,Native American,Bachelor's
Antonio,Glasford,425 Howley St,antonio_glasford@glasford.co.uk,5/13/1980,White,High School
Evangelina,Gius,769 Euston St,evangelina.gius@yahoo.com,3/12/1998,Native American,High School
Valentine,Gillian,775 W 17th St,valentine_gillian@gmail.com,2/27/1973,Native American,Associate
Carmen,Gillham,11 Denison St #7,carmen@hotmail.com,3/29/1989,Unknown,Master's
Brittni,Gillaspie,67 Rv Cent,bgillaspie@gillaspie.com,11/18/1973,White,Associate
Wilda,Giguere,1747 Calle Amanecer #2,wilda@cox.net,2/12/1968,Asian,High School
Cory,Gibes,83649 W Belmont Ave,cory.gibes@gmail.com,4/27/1976,Native American,High School
Rebecka,Gesick,2026 N Plankinton Ave #3,rgesick@gesick.org,9/12/1979,Asian,Doctorate
Teresita,Gesell,2015 Suburban Rd,teresita_gesell@hotmail.com,7/6/1983,Native American,Doctorate
Gabriele,Geschke,5 Garfield St #9,gabriele@geschke.co.uk,6/16/1982,Black,High School
Gearldine,Gellinger,4 Bloomfield Ave,gearldine_gellinger@gellinger.com,2/27/1988,White,Associate
Aja,Gehrett,993 Washington Ave,aja_gehrett@hotmail.com,9/28/1984,Unknown,High School
Lenny,Gazzola,6 Romilly St,lenny.gazzola@yahoo.com,7/15/1983,Native American,Bachelor's
Terry,Gauthier,274 Altcar Ave,tgauthier@yahoo.com,3/25/1963,Black,Bachelor's
Sophia,Gaucher,88 Upper Harrington St,sophia.gaucher@hotmail.com,3/19/1987,Asian,Doctorate
Lai,Gato,37 Alabama Ave,lai.gato@gato.org,3/30/1987,Unknown,Doctorate
Erasmo,Gath,860 Rokeby St,egath@hotmail.com,6/23/2000,Asian,Master's
Rueben,Gastellum,4 Forrest St,rueben_gastellum@gastellum.co.uk,9/25/1980,Unknown,Doctorate
Meaghan,Garufi,69734 E Carrillo St,meaghan@hotmail.com,11/29/1972,Native American,Master's
Britt,Galam,2500 Pringle Rd Se #508,britt@galam.org,6/25/1989,Black,High School
Janey,Gabisi,40 Cambridge Ave,jgabisi@hotmail.com,9/2/1999,Black,Master's
Izetta,Funnell,82 Winsor St #54,izetta.funnell@hotmail.com,6/1/1981,Black,Bachelor's
Elinore,Fulda,123 Sussex St,elinore.fulda@fulda.co.uk,4/12/1987,White,Associate
An,Fritz,506 S Hacienda Dr,an_fritz@hotmail.com,5/27/1967,White,Doctorate
Theola,Frey,54169 N Main St,theola_frey@frey.com,7/22/1989,White,Bachelor's
Mireya,Frerking,8429 Miller Rd,mireya.frerking@hotmail.com,6/23/1991,Native American,Doctorate
Zachary,Freeburger,58 Gloucester Rd,zachary.freeburger@freeburger.co.uk,4/29/2001,White,Bachelor's
Filiberto,Fredrikson,404 Aigburth St #4246,filiberto_fredrikson@gmail.com,1/6/2000,Black,Doctorate
Helga,Fredicks,42754 S Ash Ave,helga_fredicks@yahoo.com,10/25/1969,Black,Doctorate
Evelynn,Frede,8 Breckfield Road North,evelynn.frede@gmail.com,1/21/1977,Asian,Associate
Tiera,Frankel,87 Sierra Rd,tfrankel@aol.com,5/25/1970,Unknown,Doctorate
Una,Frankel,6766 Britton St #379,ufrankel@hotmail.com,2/6/2001,Native American,Doctorate
Rolland,Francescon,2726 Charcot Ave,rolland@cox.net,6/29/2000,Native American,High School
Pamella,Fortino,669 Packerland Dr #1438,pamella@fortino.com,10/23/1962,White,Associate
Martin,Fonua,7642 Ledward St,mfonua@yahoo.com,8/29/1972,Asian,Master's
Douglass,Fonnesbeck,5 Webb St #8,douglass@fonnesbeck.co.uk,2/10/1964,Native American,High School
Donette,Foller,34 Center St,donette.foller@cox.net,7/12/1990,White,Bachelor's
Tamekia,Flotow,588 Venmore St,tamekia.flotow@hotmail.com,5/18/1994,Unknown,Doctorate
Fletcher,Flosi,394 Manchester Blvd,fletcher.flosi@yahoo.com,12/23/1986,Black,Doctorate
Leeann,Flory,1761 Johnstone St,leeann@gmail.com,6/7/1985,White,Doctorate
Pearlie,Flori,4 Cochrane St,pearlie_flori@gmail.com,10/5/1997,Native American,Associate
Jesusita,Flister,3943 N Highland Ave,jesusita.flister@hotmail.com,3/1/1974,Unknown,Bachelor's
Pauline,Fling,6452 Pilgrim St #5,pfling@fling.co.uk,10/30/1980,Native American,Doctorate
Leota,Fletchen,8880 Great Howard St #7750,lfletchen@gmail.com,1/20/1966,Black,High School
Malcom,Fleckles,8764 Nickleby St #877,malcom.fleckles@gmail.com,8/28/1981,Asian,High School
Alyce,Flamino,4 Mather St,alyce@yahoo.com,1/27/1977,White,Associate
Mauricio,Flam,18 Nimrod St,mflam@gmail.com,5/8/1979,Black,Master's
Yoko,Fishburne,9122 Carpenter Ave,yoko@fishburne.com,7/1/1976,Black,Bachelor's
Elbert,Fiorino,726 Westmoreland Place,elbert@hotmail.com,6/21/1977,Black,Doctorate
Skye,Fillingim,25 Minters Chapel Rd #9,skye_fillingim@yahoo.com,7/6/1981,Asian,High School
Lelia,Filion,45 Bidder St #38,lelia.filion@filion.co.uk,10/13/1975,Unknown,Associate
Mila,Figuera,72 Lime Place,mila_figuera@yahoo.com,6/27/1988,White,Associate
Bernardo,Figeroa,386 9th Ave N,bfigeroa@aol.com,2/26/1964,Asian,Doctorate
Kami,Ferre,6996 Wrenbury St,kami@yahoo.com,12/29/1971,Black,Bachelor's
Justine,Ferrario,48 Stratford Ave,jferrario@hotmail.com,8/5/1966,Unknown,Associate
Natalie,Fern,7140 University Ave,natalie.fern@hotmail.com,10/12/1961,White,Bachelor's
Stefany,Ferenz,636 Portland Place,stefany@hotmail.com,6/19/1975,Native American,Bachelor's
Erick,Ferencz,20 S Babcock St,erick.ferencz@aol.com,1/5/1992,Unknown,Bachelor's
Laila,Fend,57 St Georges Hill,lfend@gmail.com,12/7/1989,Native American,Bachelor's
Twana,Felger,1 Commerce Way,twana.felger@felger.org,11/12/1983,Native American,Master's
Truman,Feichtner,539 Coldwater Canyon Ave,tfeichtner@yahoo.com,1/29/1974,Native American,Bachelor's
Ty,Feeback,14 Landseer Rd,tfeeback@gmail.com,8/22/1966,Black,High School
Shaquana,Featherston,50 Townsend St,shaquana@hotmail.com,4/17/1992,Asian,Doctorate
Gilberto,Feagins,7643 Campbell St,gfeagins@gmail.com,10/23/1986,White,Bachelor's
Bambi,Favaron,3347 Lawrence Rd #456,bambi.favaron@yahoo.com,6/30/1985,Unknown,Doctorate
Eloisa,Faurote,7033 Micawber St,eloisa.faurote@hotmail.com,9/14/1987,White,Doctorate
Arthur,Farrow,28 S 7th St #2824,arthur.farrow@yahoo.com,9/6/1984,Native American,High School
Paul,Farrin,7 Varthen St,paul.farrin@farrin.co.uk,2/20/1965,Native American,High School
Jade,Farrar,6882 Torresdale Ave,jade.farrar@yahoo.com,1/5/1966,Native American,High School
Cruz,Fanelli,4565 Blackstock St,cruz@hotmail.com,4/5/1988,Native American,Bachelor's
Jennifer,Fallick,44 58th St,jfallick@yahoo.com,5/9/1995,Asian,Bachelor's
Rex,Faehnle,371 Oakleigh,rfaehnle@faehnle.co.uk,1/21/1980,Black,High School
Reid,Euresti,70 Foster St,reuresti@euresti.co.uk,9/27/2001,Unknown,Associate
Roselle,Estell,8116 Mount Vernon Ave,roselle.estell@hotmail.com,7/3/1995,Native American,High School
Christiane,Eschberger,96541 W Central Blvd,christiane.eschberger@yahoo.com,1/24/1974,Asian,Bachelor's
Ilene,Eroman,2853 S Central Expy,ilene.eroman@hotmail.com,3/31/1991,Native American,Master's
Pearly,Ero,9960 Gilroy Rd,pero@hotmail.com,9/18/1984,Asian,High School
Charlesetta,Erm,5 Hygeia St,charlesetta_erm@gmail.com,5/28/1981,Native American,Doctorate
Gilberto,Erixon,2258 Benedict St,gerixon@gmail.com,3/10/1988,Native American,Associate
Hyun,Erdman,1432 Rutland Ave,hyun@gmail.com,7/28/1993,Unknown,High School
Teri,Ennaco,99 Tank Farm Rd,tennaco@gmail.com,2/10/1995,Asian,Bachelor's
Johnna,Engelberg,5 S Colorado Blvd #449,jengelberg@engelberg.org,1/19/1966,Unknown,Doctorate
Stephen,Emigh,3777 E Richmond St #900,stephen_emigh@hotmail.com,4/13/1961,Native American,Associate
Franklyn,Emard,4379 Highway 116,femard@emard.com,12/18/1976,Native American,High School
Brynn,Elkan,67 Pulford St,brynn@yahoo.com,4/21/1994,White,Doctorate
Kristel,Ehmann,92899 Kalakaua Ave,kristel.ehmann@aol.com,5/25/1974,Asian,Master's
Luis,Ear,2 Birchfield Rd,luis@hotmail.com,7/12/1986,Unknown,Associate
Sharika,Eanes,75698 N Fiesta Blvd,sharika.eanes@aol.com,7/2/1998,Asian,Associate
Han,Dzledzic,1592 Price St,han_dzledzic@hotmail.com,8/25/1998,Black,Master's
Jenise,Dulle,87 Pownall Sq,jenise.dulle@hotmail.com,4/29/2000,White,Bachelor's
Kimberlie,Duenas,8100 Jacksonville Rd #7,kimberlie_duenas@yahoo.com,6/5/1994,Asian,Bachelor's
Madalyn,Dubberly,1 Lower Burlington St,madalyn.dubberly@gmail.com,6/24/1982,Black,Master's
Pete,Dubaldi,2215 Prosperity Dr,pdubaldi@hotmail.com,3/15/1963,Asian,Bachelor's
Jennie,Drymon,63728 Poway Rd #1,jennie@cox.net,1/19/1979,Black,High School
Gerald,Drozdenko,186 Craven St #68,gdrozdenko@yahoo.com,5/28/1984,Native American,Associate
Jestine,Driscol,2725 Underley St #6452,jestine_driscol@driscol.co.uk,2/6/1986,Black,Associate
Tonja,Driesenga,8 South John St,tdriesenga@driesenga.co.uk,6/1/1983,Asian,Bachelor's
Elbert,Drawe,9 Cypress St,edrawe@drawe.co.uk,6/22/1965,Black,Associate
Wynell,Dorshorst,94290 S Buchanan St,wynell_dorshorst@dorshorst.org,1/9/1985,Unknown,Doctorate
Mammie,Dormanen,2577 Toxteth St #5,mammie_dormanen@hotmail.com,3/13/1964,Native American,Master's
Carey,Dopico,87393 E Highland Rd,carey_dopico@dopico.org,8/18/1992,Unknown,Associate
Ashanti,Donn,3409 Benns Gardens,adonn@yahoo.com,5/17/1994,White,Doctorate
Aracelis,Donham,593 Kinglake St,aracelis.donham@hotmail.com,1/16/1996,Asian,Bachelor's
Casey,Dondero,464 Back Nile St #618,casey.dondero@hotmail.com,2/9/1992,Native American,Master's
Derrick,Dolloff,236 Blantyre Rd,derrick_dolloff@gmail.com,1/10/2000,Native American,High School
Xochitl,Discipio,3158 Runamuck Pl,xdiscipio@gmail.com,7/23/2001,Asian,Bachelor's
Daron,Dinos,18 Waterloo Geneva Rd,daron_dinos@cox.net,9/27/1968,Native American,Bachelor's
Leota,Dilliard,7 W Jackson Blvd,leota@hotmail.com,8/4/1995,Unknown,Bachelor's
Lindsey,Dilello,52777 Leaders Heights Rd,lindsey.dilello@hotmail.com,2/21/1984,Asian,Associate
Kanisha,Difiora,513 Bailey St,kanisha@gmail.com,10/29/1984,Unknown,High School
Lonna,Diestel,1482 College Ave,lonna_diestel@gmail.com,8/18/1992,Native American,Doctorate
Dominque,Dickerson,69 Marquette Ave,dominque.dickerson@dickerson.org,11/12/1969,Asian,Master's
Dudley,Dibartolo,91 Ludlow St,dudley_dibartolo@yahoo.com,2/6/1975,Asian,Master's
Tony,Diazdeleon,529 Llanrwst St,tony@gmail.com,3/30/1963,Unknown,Doctorate
Derick,Dhamer,87163 N Main Ave,ddhamer@cox.net,10/8/1980,Unknown,Doctorate
Izetta,Dewar,2 W Scyene Rd #3,idewar@dewar.com,5/24/1971,Black,Bachelor's
Diane,Devreese,1953 Telegraph Rd,diane@cox.net,2/23/1974,Native American,Associate
Luisa,Devereux,3 North View #35,ldevereux@gmail.com,9/26/1982,Asian,Master's
Leonie,Devereux,88 Vernon St,leonie_devereux@gmail.com,9/14/1974,Unknown,Bachelor's
Delpha,Detamore,8 Tagus St #9814,delpha.detamore@yahoo.com,9/3/1976,White,Bachelor's
Haydee,Denooyer,25346 New Rd,hdenooyer@denooyer.org,11/1/1975,Unknown,Bachelor's
Herman,Demesa,9 Norristown Rd,hdemesa@cox.net,7/16/1984,Asian,High School
Arlyne,Dellinger,8361 Cottenham St,arlyne.dellinger@yahoo.com,12/4/1984,Asian,Associate
Elsa,Delisle,260 Saxon St,elsa_delisle@gmail.com,6/21/1967,White,High School
Carin,Deleo,1844 Southern Blvd,cdeleo@deleo.com,8/4/1996,Asian,Associate
Mona,Delasancha,38773 Gravois Ave,mdelasancha@hotmail.com,12/24/1967,Black,Doctorate
Novella,Degroot,303 N Radcliffe St,novella_degroot@degroot.org,9/4/1969,Unknown,Doctorate
Joesph,Degonia,2887 Knowlton St #5435,joesph_degonia@degonia.org,5/14/1980,Black,High School
Carisa,Degenhardt,7 Britannia Ave #875,carisa.degenhardt@degenhardt.co.uk,7/22/1998,Asian,Bachelor's
Paola,Dease,94 Enid St,pdease@gmail.com,3/8/1978,Asian,Master's
Cyril,Daufeldt,3 Lawton St,cyril_daufeldt@daufeldt.com,9/13/1974,White,Doctorate
Josephine,Darakjy,4 B Blue Ridge Blvd,josephine_darakjy@darakjy.org,3/3/1981,White,Bachelor's
Audrie,Danaher,63 Brunswick Sq,adanaher@yahoo.com,2/9/1980,Black,Associate
Monroe,Damato,5344 Bengel St #5,mdamato@damato.co.uk,6/25/2002,Asian,Bachelor's
Jerry,Dallen,393 Lafayette Ave,jerry.dallen@yahoo.com,11/7/1975,Black,Master's
Brande,Cutlip,921 Douro St #1520,bcutlip@yahoo.com,9/15/1975,Asian,Doctorate
Lilli,Cureau,42 Hey Green Rd,lilli@yahoo.com,12/14/1969,White,High School
Adolph,Cunningham,9874 Oakfield Rd,adolph_cunningham@hotmail.com,6/16/1984,Black,Associate
Craig,Cua,8388 Bessemer St #5,craig@hotmail.com,7/6/1990,White,Associate
Joseph,Cryer,60 Fillmore Ave,joseph_cryer@cox.net,2/9/1968,Native American,Doctorate
Delisa,Crupi,47565 W Grand Ave,delisa.crupi@crupi.com,10/24/1988,Unknown,Master's
Lyda,Cronholm,916 Strand St #4753,lyda.cronholm@cronholm.co.uk,5/11/1999,Black,Bachelor's
Louisa,Cronauer,524 Louisiana Ave Nw,louisa@cronauer.com,11/24/1996,Native American,Doctorate
Luke,Crete,4 Peach St #5112,luke.crete@crete.co.uk,7/18/1973,Asian,Associate
Lisbeth,Creecy,484 Barry St,lcreecy@gmail.com,1/11/1977,Black,Associate
Abraham,Cratch,41 Benedict St,acratch@gmail.com,12/7/1983,Asian,High School
Lezlie,Craghead,749 W 18th St #45,lezlie.craghead@craghead.org,3/21/1998,Unknown,Doctorate
Detra,Coyier,96950 Hidden Ln,detra@aol.com,4/16/1994,White,Master's
Sol,Cowser,6448 Tillard St,sol@gmail.com,5/30/2000,Black,Associate
Sylvia,Cousey,287 Youngstown Warren Rd,sylvia_cousey@cousey.org,11/21/1998,Asian,Bachelor's
Latia,Cos,18 Thomas St,lcos@yahoo.com,4/18/1993,Asian,Associate
Ammie,Corrio,74874 Atlantic Ave,ammie@corrio.com,6/19/1968,Unknown,Doctorate
Beatriz,Corrington,481 W Lemon St,beatriz@yahoo.com,1/28/1971,Native American,Associate
Marylin,Cornelison,39 Wye St,marylin_cornelison@yahoo.com,12/17/1964,Unknown,Associate
Rosio,Cork,4 10th St W,rosio.cork@gmail.com,5/30/1972,Unknown,Master's
Candida,Corbley,406 Main St,candida_corbley@hotmail.com,10/29/1985,Asian,High School
Jeannetta,Coolidge,761 Cockerell St #1,jeannetta_coolidge@gmail.com,5/25/1962,Unknown,Master's
Carmela,Cookey,9 Murfreesboro Rd,ccookey@cookey.org,10/4/1995,Unknown,Bachelor's
Eun,Coody,84 Bloomfield Ave,eun@yahoo.com,1/6/1966,Unknown,Doctorate
Maybelle,Consolazio,5410 Lawton St,mconsolazio@yahoo.com,6/5/1973,White,Associate
Jamika,Conoly,19 Soho St,jamika_conoly@conoly.co.uk,5/4/1986,Black,Doctorate
Vernell,Connley,998 Roe St #6,vernell@hotmail.com,6/25/1989,Asian,Bachelor's
Deja,Conatser,94 Wakefield St,deja.conatser@hotmail.com,8/3/1993,Black,Associate
Daniela,Comnick,7 Flowers Rd #403,dcomnick@cox.net,11/19/1972,Unknown,High School
Zona,Colla,49440 Dearborn St,zona@hotmail.com,3/29/1966,White,Master's
Melda,Colamarino,150 Margaret Rd,melda.colamarino@colamarino.co.uk,4/3/1963,Unknown,Doctorate
Cecilia,Colaizzo,4 Nw 12th St #3849,cecilia_colaizzo@colaizzo.com,6/23/1998,White,Doctorate
Magdalene,Cocherell,510 Belvidere Rd,magdalene_cocherell@yahoo.com,1/25/1997,Asian,Bachelor's
Ciara,Cobbley,7523 Kempton Rd,ciara_cobbley@hotmail.com,11/18/2001,Unknown,Master's
Buddy,Cloney,944 Gaither Dr,buddy.cloney@yahoo.com,8/15/1986,Black,Master's
Felicia,Claybrooks,1056 College St South,felicia@claybrooks.co.uk,10/6/1981,Unknown,High School
Jeanice,Claucherty,19 Amboy Ave,jeanice.claucherty@yahoo.com,6/4/1970,White,Master's
Tina,Clapham,5662 William Moult St,tclapham@gmail.com,2/5/1962,Asian,Bachelor's
Ezekiel,Chui,2 Cedar Ave #84,ezekiel@chui.com,11/7/1974,Black,Doctorate
Katie,Choinski,1267 Alderson Rd,katie@choinski.co.uk,1/24/2001,White,Bachelor's
Tequila,Chisum,662 Grove Park,tequila.chisum@chisum.co.uk,8/4/1973,Unknown,Doctorate
Verda,Chiphe,999 Upper Harrington St #61,vchiphe@chiphe.co.uk,10/30/1961,Asian,Doctorate
Devorah,Chickering,31 Douglas Blvd #950,devorah@hotmail.com,4/2/1991,White,Bachelor's
Dorothy,Chesterfield,469 Outwater Ln,dorothy@cox.net,7/24/1979,Black,Doctorate
Roslyn,Chavous,63517 Dupont St,roslyn.chavous@chavous.org,6/11/1986,White,High School
Franchesca,Charry,59 Westminster Rd,franchesca@gmail.com,3/4/1996,Black,Doctorate
Jess,Chaffins,18 3rd Ave,jess.chaffins@chaffins.org,9/16/1983,Black,Doctorate
Angella,Cetta,185 Blackstone Bldge,angella.cetta@hotmail.com,11/7/1977,Asian,High School
Lisha,Centini,64 5th Ave #1153,lisha@centini.org,11/19/1984,Native American,Bachelor's
Val,Cellucci,87 Pelops St,vcellucci@yahoo.com,11/24/1977,Asian,Master's
Chanel,Caudy,86 Nw 66th St #8673,chanel.caudy@caudy.org,1/28/1962,White,Doctorate
Annmarie,Castros,80312 W 32nd St,annmarie_castros@gmail.com,11/1/1992,Black,High School
Earnestine,Casper,529 Stalmine Rd #3680,earnestine_casper@hotmail.com,3/10/1981,White,High School
Denny,Casalenda,75 Brewster St #453,dcasalenda@gmail.com,11/27/1973,White,Doctorate
Scarlet,Cartan,9390 S Howell Ave,scarlet.cartan@yahoo.com,11/19/1982,Black,Master's
Kaycee,Carsten,35 Dublin St,kaycee.carsten@gmail.com,9/7/1981,Unknown,Bachelor's
Gail,Carris,6 Conyers St #3346,gcarris@hotmail.com,6/13/1997,Asian,Master's
Brynn,Capra,488 Mulberry St,brynn_capra@yahoo.com,12/31/1963,Asian,High School
Shawana,Cantua,33 Vipond St,shawana@yahoo.com,3/30/1986,Black,High School
Galen,Cantres,617 Nw 36th Ave,galen@yahoo.com,10/30/1966,Asian,Associate
Erinn,Canlas,13 S Hacienda Dr,erinn.canlas@canlas.com,11/15/1989,White,High School
Sarah,Candlish,45 2nd Ave #9759,sarah.candlish@gmail.com,8/14/1991,Asian,Doctorate
Roxane,Campain,1048 Main St,roxane@hotmail.com,7/9/1966,Black,Master's
Raymon,Calvaresi,6538 E Pomona St #60,raymon.calvaresi@gmail.com,5/9/1993,Asian,Master's
Brandon,Callaro,7 Benton Dr,brandon_callaro@hotmail.com,8/10/1997,Unknown,Master's
Kiley,Caldarera,25 E 75th St #69,kiley.caldarera@aol.com,8/19/1975,Asian,Master's
Arlean,Calaf,82 Waterhouse Lane,acalaf@yahoo.com,1/3/1987,Unknown,Doctorate
Ronny,Caiafa,73 Southern Blvd,ronny.caiafa@caiafa.org,11/19/1986,Black,Doctorate
France,Buzick,64 Newman Springs Rd E,france.buzick@yahoo.com,7/14/1979,Native American,Bachelor's
Tawna,Buvens,3305 Nabell Ave #679,tawna@gmail.com,12/27/1962,Unknown,Bachelor's
Rodolfo,Butzen,41 Steel Ct,rodolfo@hotmail.com,1/7/1974,Native American,Doctorate
James,Butt,6649 N Blue Gum St,jbutt@gmail.com,12/18/1974,Black,Master's
Lauran,Burnard,66697 Park Pl #3224,lburnard@burnard.com,4/1/1975,Native American,Associate
Allene,Burau,8 Barlow St #6,allene.burau@hotmail.com,11/6/1997,Native American,Master's
Annett,Bunselmeyer,5562 Fairfield St #847,abunselmeyer@hotmail.com,3/24/1991,Black,Doctorate
Carline,Bulcao,7 Hey Green Rd #4,carline@yahoo.com,2/20/1987,Asian,High School
Alease,Buemi,4 Webbs Chapel Rd,alease@buemi.com,10/20/1995,White,Master's
Alecia,Bubash,6535 Joyce St,alecia@aol.com,4/30/2002,Black,High School
Danica,Bruschke,840 15th Ave,danica_bruschke@gmail.com,3/14/2001,Asian,Doctorate
Niesha,Bruch,24 Bolton St,niesha.bruch@yahoo.com,8/19/1962,Native American,Master's
Winfred,Brucato,201 Ridgewood Rd,winfred_brucato@hotmail.com,7/27/1984,Native American,High School
Jeff,Brossoit,954 Madelaine St,jeff.brossoit@yahoo.com,8/2/1963,White,Doctorate
Nicolette,Brossart,1 Midway Rd,nicolette_brossart@brossart.com,10/2/2002,Asian,Doctorate
Ronnie,Brigman,6 Morley St,ronnie@brigman.co.uk,12/14/1965,Native American,Bachelor's
Wilda,Brigham,501 Sandon Terrace #200,wilda@brigham.co.uk,10/6/1961,Unknown,Bachelor's
Bronwyn,Bridgford,826 Rumney Rd West #7,bronwyn.bridgford@yahoo.com,2/27/1975,Asian,Master's
Junita,Brideau,6 S Broadway St,jbrideau@aol.com,10/25/1968,Native American,Bachelor's
Jina,Briddick,38938 Park Blvd,jina_briddick@briddick.com,11/25/1980,Asian,Doctorate
Charlette,Brenning,714 Fonthill Rd,cbrenning@brenning.co.uk,8/28/2001,Asian,Associate
Joni,Breland,35 E Main St #43,joni_breland@cox.net,2/5/1969,Unknown,Master's
Lynna,Breheny,1 James St #4,lynna@yahoo.com,6/7/2001,Native American,High School
Dannie,Brau,2 Gay St #3702,dbrau@brau.co.uk,6/15/1973,Asian,Doctorate
Raina,Brachle,3829 Ventura Blvd,raina.brachle@brachle.org,4/24/1998,Black,Master's
Marta,Brace,658 Lake St,marta.brace@brace.co.uk,1/20/1996,White,Doctorate
Precious,Brabble,9 Herbert St #77,precious_brabble@brabble.co.uk,9/5/1967,Asian,Bachelor's
Aretha,Bowling,8 Nova Scotia,aretha@hotmail.com,10/9/2001,White,High School
Emerson,Bowley,762 S Main St,emerson.bowley@bowley.org,7/20/1988,White,Associate
Ona,Bowhall,527 Harding St,ona@yahoo.com,2/21/1999,Asian,High School
Sharen,Bourbon,62 W Austin St,sbourbon@yahoo.com,9/25/1989,Native American,Associate
Carlee,Boulter,8284 Hart St,carlee.boulter@hotmail.com,6/18/1982,Native American,Associate
Keneth,Borgman,86350 Roszel Rd,keneth@yahoo.com,3/5/2000,White,Doctorate
Annabelle,Boord,523 Marquette Ave,annabelle.boord@cox.net,2/24/1986,Black,High School
Flo,Bookamer,89992 E 15th St,flo.bookamer@cox.net,4/5/1984,Black,Master's
Ressie,Bontemps,42 Eastwood St,ressie_bontemps@bontemps.co.uk,12/27/2001,Asian,Doctorate
Brock,Bolognia,4486 W O St #1,bbolognia@yahoo.com,6/16/1962,Unknown,Doctorate
Carlton,Blyler,8 Pim Hill St,carlton@blyler.co.uk,12/10/1972,Unknown,Master's
Frederica,Blunk,99586 Main St,frederica_blunk@gmail.com,1/29/1996,Black,Doctorate
Cassandra,Bludworth,9 Sydney Place,cbludworth@yahoo.com,3/24/1961,White,Associate
Gene,Bleile,4687 Atherton St,gene_bleile@bleile.co.uk,11/8/1982,Native American,High School
Kallie,Blackwood,701 S Harrison Rd,kallie.blackwood@gmail.com,8/21/2002,Asian,Master's
Viola,Bitsuie,70 Mechanic St,viola@gmail.com,3/26/1968,Unknown,High School
Quentin,Birkner,7061 N 2nd St,qbirkner@aol.com,11/25/1995,Unknown,Bachelor's
Mariann,Bilden,3125 Packer Ave #9851,mariann.bilden@aol.com,1/21/1993,Asian,Master's
Jani,Biddy,61556 W 20th Ave,jbiddy@yahoo.com,2/23/1996,White,High School
Ashlee,Beyl,30 Daulby St,ashlee.beyl@hotmail.com,5/17/1967,Asian,Master's
Rima,Bevelacqua,2972 Lafayette Ave,rima@cox.net,7/4/1975,Native American,Bachelor's
Chantell,Besong,11 Tetlow St,chantell_besong@gmail.com,1/18/1974,Black,Bachelor's
Glenn,Berray,29 Cherry St #7073,gberray@gmail.com,8/13/1989,Black,Master's
Vilma,Berlanga,79 S Howell Ave,vberlanga@berlanga.com,6/9/1993,Asian,High School
Alaine,Bergesen,7667 S Hulen St #42,alaine_bergesen@cox.net,4/17/1978,White,Master's
Heike,Berganza,3 Railway Ave #75,heike@gmail.com,12/14/1971,Black,High School
Kristofer,Bennick,772 W River Dr,kristofer.bennick@yahoo.com,9/13/1989,Black,Master's
Elvera,Benimadho,99385 Charity St #840,elvera.benimadho@cox.net,8/30/1973,Native American,Master's
Kayleigh,Bendle,9735 Linton St #2284,kayleigh.bendle@bendle.co.uk,3/8/1972,Asian,Bachelor's
Dwight,Belyea,419 St Andrew St,dbelyea@belyea.co.uk,11/29/1967,Black,Doctorate
Louvenia,Beech,598 43rd St,louvenia.beech@beech.com,5/1/1997,Unknown,Bachelor's
Merilyn,Bayless,195 13n N,merilyn_bayless@cox.net,1/26/1991,White,Associate
Carissa,Batman,12270 Caton Center Dr,carissa.batman@yahoo.com,3/14/1972,Native American,Associate
Kiera,Bassil,5152 Sophia St,kbassil@bassil.co.uk,10/18/1961,Black,Doctorate
Glen,Bartolet,8739 Hudson St,glen_bartolet@hotmail.com,2/4/1994,Native American,High School
Desire,Barresi,428 Kearsley St,desire@gmail.com,4/17/1983,Black,Doctorate
Stephaine,Barfield,47154 Whipple Ave Nw,stephaine@barfield.com,11/14/2000,Asian,Master's
Flo,Bardsley,35 Walton Lane,flo.bardsley@hotmail.com,6/16/1990,Native American,Doctorate
Beth,Barbone,3 Gaskell St,bbarbone@barbone.co.uk,2/2/1965,White,Master's
Aliza,Baltimore,1128 Delaware St,aliza@aol.com,4/8/1992,White,Bachelor's
Anabel,Baldock,30 Marine Parade #1,anabel_baldock@hotmail.com,8/22/1990,Black,Doctorate
Margarett,Bairo,3 August Rd,margarett@gmail.com,7/1/1962,Black,Associate
Jaclyn,Bachman,721 Interstate 45 S,jaclyn@aol.com,6/25/1978,Unknown,High School
Myong,Babineaux,2 Kirkdale Rd,mbabineaux@babineaux.co.uk,12/17/1998,Unknown,Bachelor's
Rosita,Ausdemore,8 Heathfield St #657,rausdemore@hotmail.com,12/20/1967,Asian,Master's
Diego,Augle,4 Peover St,diego.augle@gmail.com,8/28/1975,Unknown,High School
Ressie,Auffrey,23 Palo Alto Sq,ressie.auffrey@yahoo.com,9/13/1985,White,Doctorate
Lynelle,Auber,32820 Corkwood Rd,lynelle_auber@gmail.com,6/21/1977,Native American,Associate
Carolynn,Atkison,7901 Beech St,carolynn.atkison@hotmail.com,7/6/1977,Native American,Master's
Lennie,Asley,79 Pine St,lennie_asley@gmail.com,2/8/1984,Asian,High School
Pedro,Aschoff,135 Opie St,paschoff@yahoo.com,11/10/1992,Black,Doctorate
Loren,Asar,6 Ridgewood Center Dr,loren.asar@aol.com,4/12/1995,Native American,Master's
Casie,Arzilli,5 Noon St,casie@gmail.com,9/15/1989,White,Associate
Ivan,Aronov,94 Regent St,ivan@gmail.com,12/9/1988,Unknown,Doctorate
Remedios,Arlinghaus,9 Duckenfield St,remedios.arlinghaus@gmail.com,11/23/1999,White,Associate
Alyce,Arias,3196 S Rider Trl,alyce@arias.org,11/18/1966,Native American,Doctorate
Lashunda,Argiro,205 Forge St #4021,lashunda@yahoo.com,9/19/1962,Unknown,Bachelor's
Nada,Arey,22 Harewood St #95,nada@hotmail.com,9/24/1967,Unknown,Doctorate
Rhea,Aredondo,25657 Live Oak St,rhea_aredondo@cox.net,5/18/1975,White,Master's
Tegan,Arceo,62260 Park Stre,tegan.arceo@arceo.org,1/25/1970,Native American,High School
Narcisa,Araiza,8783 High St,naraiza@hotmail.com,7/20/1973,Unknown,High School
Judy,Aquas,8977 Connecticut Ave Nw #3,jaquas@aquas.com,5/17/1970,Unknown,Associate
Alyssa,Ansbro,85 Hero St,alyssa_ansbro@gmail.com,11/15/1964,White,Master's
Thaddeus,Ankeny,5 Washington St #1,tankeny@ankeny.org,12/16/1974,Native American,Associate
Ahmed,Angalich,2 W Beverly Blvd,ahmed.angalich@angalich.com,5/14/1978,Unknown,Bachelor's
Tasia,Andreason,4 Cowesett Ave,tasia_andreason@yahoo.com,6/10/1977,Asian,Doctorate
France,Andrade,8 Moor Place,france.andrade@hotmail.com,7/6/1961,Black,Associate
Jutta,Amyot,49 N Mays St,jamyot@hotmail.com,10/28/1962,Native American,Master's
Minna,Amigon,2371 Jerrold Ave,minna_amigon@yahoo.com,8/30/1969,Asian,High School
Janella,Altobell,3768 Hey Green Rd,jaltobell@hotmail.com,7/26/1993,Asian,Master's
Luther,Alsman,227 Albert Terrace,luther@gmail.com,3/3/1996,White,Bachelor's
Kandis,Alsbury,70 Rose Vale,kalsbury@hotmail.com,12/16/1971,White,Bachelor's
Ahmad,Alsaqri,21 Pickwick St,ahmad.alsaqri@yahoo.com,5/26/1988,Native American,Associate
Mira,Alpheaus,51 St Anne St #12,mira.alpheaus@yahoo.com,8/6/1984,White,Master's
Phillip,Aloi,6 Cannock St,paloi@hotmail.com,7/14/1969,Native American,Master's
Lemuel,Allis,8430 Shadwell St,lemuel_allis@yahoo.com,8/20/1977,Native American,Bachelor's
Latosha,Alexy,37 Langham St #948,latosha@yahoo.com,4/17/1979,Native American,Bachelor's
Nettie,Aldaco,51 Freehold St #224,nettie.aldaco@yahoo.com,2/26/1971,Unknown,Bachelor's
Margret,Alcazar,5466 Sedley St,margret@alcazar.co.uk,3/30/1999,White,Doctorate
Cammy,Albares,56 E Morehead St,calbares@gmail.com,5/19/1981,Native American,Associate
Letha,Akey,603 Pall Mall,letha_akey@akey.co.uk,12/24/1968,Unknown,Master's
Olen,Ailey,9 Fielding St,olen@gmail.com,6/16/1972,Native American,High School
Delmy,Ahle,65895 S 16th St,delmy.ahle@hotmail.com,6/15/1984,White,High School
Fausto,Agramonte,5 Harrison Rd,fausto_agramonte@yahoo.com,1/9/1987,Asian,Doctorate
Barbra,Adkin,4 Kohler Memorial Dr,badkin@hotmail.com,3/16/1977,Asian,Associate
Rusty,Adelsperger,4313 Princes Park Terrace,rusty.adelsperger@yahoo.com,5/22/1970,White,Doctorate
Weldon,Acuff,73 W Barstow Ave,wacuff@gmail.com,12/29/1996,Asian,Doctorate
Geoffrey,Acey,7 West Ave #1,geoffrey@gmail.com,6/5/1990,Unknown,Doctorate
Socorro,Abrahams,93 Clyde Rd #9,socorro_abrahams@abrahams.co.uk,10/4/1989,Black,Doctorate
Johnetta,Abdallah,1088 Pinehurst St,johnetta_abdallah@aol.com,12/28/1968,Unknown,High School
